"../../../Engine/Plugins/Animation/ACLPlugin/Content/ACLAnimCurveCompressionSettings.uasset" 0
"../../../Engine/Plugins/Animation/ACLPlugin/Content/ACLAnimCurveCompressionSettings.uexp" 1
"../../../Engine/Plugins/Animation/ACLPlugin/Content/ACLAnimBoneCompressionSettings.uasset" 2
"../../../Engine/Plugins/Animation/ACLPlugin/Content/ACLAnimBoneCompressionSettings.uexp" 3
"../../../Engine/Plugins/2D/Paper2D/Content/PlaceholderTextures/DummySpriteTexture.ubulk" 4
"../../../Engine/Plugins/2D/Paper2D/Content/PlaceholderTextures/DummySpriteTexture.uasset" 5
"../../../Engine/Plugins/2D/Paper2D/Content/PlaceholderTextures/DummySpriteTexture.uexp" 6
"../../../Engine/Plugins/2D/Paper2D/Content/DummySprite.uasset" 7
"../../../Engine/Plugins/2D/Paper2D/Content/DummySprite.uexp" 8
"../../../Engine/Plugins/2D/Paper2D/Content/DefaultPaperTerrainMaterial.uasset" 9
"../../../Engine/Plugins/2D/Paper2D/Content/DefaultPaperTerrainMaterial.uexp" 10
"../../../Engine/Content/Animation/DefaultRecorderBoneCompression.uasset" 11
"../../../Engine/Content/Animation/DefaultRecorderBoneCompression.uexp" 12
"../../../Engine/Content/EngineSounds/Master.uasset" 13
"../../../Engine/Content/EngineSounds/Master.uexp" 14
"../../../Engine/Content/EngineMaterials/DefaultPhysicalMaterial.uasset" 15
"../../../Engine/Content/EngineMaterials/DefaultPhysicalMaterial.uexp" 16
"../../../Engine/Content/EngineMaterials/DefaultDestructiblePhysicalMaterial.uasset" 17
"../../../Engine/Content/EngineMaterials/DefaultDestructiblePhysicalMaterial.uexp" 18
"../../../Engine/Content/EngineFonts/Faces/DroidSansFallback.uexp" 19
"../../../Engine/Content/EngineFonts/Faces/DroidSansFallback.uasset" 20
"../../../Engine/Content/EngineFonts/Faces/DroidSansFallback.ufont" 21
"../../../Engine/Content/EngineFonts/Faces/RobotoRegular.uexp" 22
"../../../Engine/Content/EngineFonts/Faces/RobotoRegular.uasset" 23
"../../../Engine/Content/EngineFonts/Faces/RobotoRegular.ufont" 24
"../../../Engine/Content/EngineFonts/Faces/RobotoLight.uexp" 25
"../../../Engine/Content/EngineFonts/Faces/RobotoLight.uasset" 26
"../../../Engine/Content/EngineFonts/Faces/RobotoLight.ufont" 27
"../../../Engine/Content/EngineFonts/Faces/RobotoItalic.uexp" 28
"../../../Engine/Content/EngineFonts/Faces/RobotoItalic.uasset" 29
"../../../Engine/Content/EngineFonts/Faces/RobotoItalic.ufont" 30
"../../../Engine/Content/EngineFonts/Faces/RobotoBoldItalic.uexp" 31
"../../../Engine/Content/EngineFonts/Faces/RobotoBoldItalic.uasset" 32
"../../../Engine/Content/EngineFonts/Faces/RobotoBoldItalic.ufont" 33
"../../../Engine/Content/EngineFonts/Faces/RobotoBold.uexp" 34
"../../../Engine/Content/EngineFonts/Faces/RobotoBold.uasset" 35
"../../../Engine/Content/EngineFonts/Faces/RobotoBold.ufont" 36
"../../../Engine/Content/EngineFonts/Roboto.uasset" 37
"../../../Engine/Content/EngineFonts/Roboto.uexp" 38
"../../../Engine/Content/EngineFonts/Faces/DroidSansMono.uexp" 39
"../../../Engine/Content/EngineFonts/Faces/DroidSansMono.uasset" 40
"../../../Engine/Content/EngineFonts/Faces/DroidSansMono.ufont" 41
"../../../Engine/Content/EngineFonts/DroidSansMono.uasset" 42
"../../../Engine/Content/EngineFonts/DroidSansMono.uexp" 43
"../../../Engine/Plugins/Interchange/Runtime/Content/Pipelines/DefaultTexturePipeline.uasset" 44
"../../../Engine/Plugins/Interchange/Runtime/Content/Pipelines/DefaultTexturePipeline.uexp" 45
"../../../Engine/Plugins/Interchange/Runtime/Content/Pipelines/DefaultSceneLevelPipeline.uasset" 46
"../../../Engine/Plugins/Interchange/Runtime/Content/Pipelines/DefaultSceneLevelPipeline.uexp" 47
"../../../Engine/Plugins/Interchange/Runtime/Content/Pipelines/DefaultSceneAssetsPipeline.uasset" 48
"../../../Engine/Plugins/Interchange/Runtime/Content/Pipelines/DefaultSceneAssetsPipeline.uexp" 49
"../../../Engine/Plugins/Interchange/Runtime/Content/Pipelines/DefaultMaterialXPipeline.uasset" 50
"../../../Engine/Plugins/Interchange/Runtime/Content/Pipelines/DefaultMaterialXPipeline.uexp" 51
"../../../Engine/Plugins/Interchange/Runtime/Content/Pipelines/DefaultMaterialPipeline.uasset" 52
"../../../Engine/Plugins/Interchange/Runtime/Content/Pipelines/DefaultMaterialPipeline.uexp" 53
"../../../Engine/Plugins/Interchange/Runtime/Content/Pipelines/DefaultGLTFSceneAssetsPipeline.uasset" 54
"../../../Engine/Plugins/Interchange/Runtime/Content/Pipelines/DefaultGLTFSceneAssetsPipeline.uexp" 55
"../../../Engine/Plugins/Interchange/Runtime/Content/Pipelines/DefaultGLTFPipeline.uasset" 56
"../../../Engine/Plugins/Interchange/Runtime/Content/Pipelines/DefaultGLTFPipeline.uexp" 57
"../../../Engine/Plugins/Interchange/Runtime/Content/Pipelines/DefaultGLTFAssetsPipeline.uasset" 58
"../../../Engine/Plugins/Interchange/Runtime/Content/Pipelines/DefaultGLTFAssetsPipeline.uexp" 59
"../../../Engine/Plugins/Interchange/Runtime/Content/Pipelines/DefaultAssetsPipeline.uasset" 60
"../../../Engine/Plugins/Interchange/Runtime/Content/Pipelines/DefaultAssetsPipeline.uexp" 61
"../../../Engine/Plugins/Animation/ControlRig/Content/Controls/DefaultGizmoLibraryNormalized.uasset" 62
"../../../Engine/Plugins/Animation/ControlRig/Content/Controls/DefaultGizmoLibraryNormalized.uexp" 63
"../../../Engine/Content/MobileResources/HUD/VirtualJoystick_Thumb.uasset" 64
"../../../Engine/Content/MobileResources/HUD/VirtualJoystick_Thumb.uexp" 65
"../../../Engine/Content/MobileResources/HUD/VirtualJoystick_Background.uasset" 66
"../../../Engine/Content/MobileResources/HUD/VirtualJoystick_Background.uexp" 67
"../../../Engine/Content/MobileResources/HUD/DefaultVirtualJoysticks.uasset" 68
"../../../Engine/Content/MobileResources/HUD/DefaultVirtualJoysticks.uexp" 69
"../../../Engine/Plugins/NNE/NNEDenoiser/Content/NNEDTOM_Output_Default.uasset" 70
"../../../Engine/Plugins/NNE/NNEDenoiser/Content/NNEDTOM_Output_Default.uexp" 71
"../../../Engine/Plugins/NNE/NNEDenoiser/Content/NNEDTOM_Output_Alpha.uasset" 72
"../../../Engine/Plugins/NNE/NNEDenoiser/Content/NNEDTOM_Output_Alpha.uexp" 73
"../../../Engine/Plugins/NNE/NNEDenoiser/Content/NNEDTIM_ColorAlbedoNormal_Default.uasset" 74
"../../../Engine/Plugins/NNE/NNEDenoiser/Content/NNEDTIM_ColorAlbedoNormal_Default.uexp" 75
"../../../Engine/Plugins/NNE/NNEDenoiser/Content/NNEDTIM_ColorAlbedoNormal_Alpha.uasset" 76
"../../../Engine/Plugins/NNE/NNEDenoiser/Content/NNEDTIM_ColorAlbedoNormal_Alpha.uexp" 77
"../../../Engine/Plugins/NNE/NNEDenoiser/Content/NNEDOM_Output_Default.uasset" 78
"../../../Engine/Plugins/NNE/NNEDenoiser/Content/NNEDOM_Output_Default.uexp" 79
"../../../Engine/Plugins/NNE/NNEDenoiser/Content/NNEDOM_Output_Alpha.uasset" 80
"../../../Engine/Plugins/NNE/NNEDenoiser/Content/NNEDOM_Output_Alpha.uexp" 81
"../../../Engine/Plugins/NNE/NNEDenoiser/Content/NNEDIM_HighQuality_Default.uasset" 82
"../../../Engine/Plugins/NNE/NNEDenoiser/Content/NNEDIM_HighQuality_Default.uexp" 83
"../../../Engine/Plugins/NNE/NNEDenoiser/Content/NNEDIM_HighQuality_Alpha.uasset" 84
"../../../Engine/Plugins/NNE/NNEDenoiser/Content/NNEDIM_HighQuality_Alpha.uexp" 85
"../../../Engine/Plugins/NNE/NNEDenoiser/Content/NNEDIM_ColorAlbedoNormal_Default.uasset" 86
"../../../Engine/Plugins/NNE/NNEDenoiser/Content/NNEDIM_ColorAlbedoNormal_Default.uexp" 87
"../../../Engine/Plugins/NNE/NNEDenoiser/Content/NNEDIM_ColorAlbedoNormal_Alpha.uasset" 88
"../../../Engine/Plugins/NNE/NNEDenoiser/Content/NNEDIM_ColorAlbedoNormal_Alpha.uexp" 89
"../../../Engine/Content/EngineResources/GradientTexture0.uasset" 90
"../../../Engine/Content/EngineResources/GradientTexture0.uexp" 91
"../../../Engine/Content/EngineResources/Black.uasset" 92
"../../../Engine/Content/EngineResources/Black.uexp" 93
"../../../Engine/Content/EditorResources/S_Actor.ubulk" 94
"../../../Engine/Content/EditorResources/S_Actor.uasset" 95
"../../../Engine/Content/EditorResources/S_Actor.uexp" 96
"../../../Engine/Content/EngineResources/DefaultTexture.ubulk" 97
"../../../Engine/Content/EngineResources/DefaultTexture.uasset" 98
"../../../Engine/Content/EngineResources/DefaultTexture.uexp" 99
"../../../Engine/Content/EngineMaterials/PreintegratedSkinBRDF.uasset" 100
"../../../Engine/Content/EngineMaterials/PreintegratedSkinBRDF.uexp" 101
"../../../Engine/Content/EngineMaterials/MiniFont.uasset" 102
"../../../Engine/Content/EngineMaterials/MiniFont.uexp" 103
"../../../Engine/Content/EngineMaterials/FastBlueNoise_vec2_128x128x64.uasset" 104
"../../../Engine/Content/EngineMaterials/FastBlueNoise_vec2_128x128x64.uexp" 105
"../../../Engine/Content/EngineMaterials/FastBlueNoise_scalar_128x128x8.uasset" 106
"../../../Engine/Content/EngineMaterials/FastBlueNoise_scalar_128x128x8.uexp" 107
"../../../Engine/Content/EngineMaterials/FastBlueNoise_scalar_128x128x64.uasset" 108
"../../../Engine/Content/EngineMaterials/FastBlueNoise_scalar_128x128x64.uexp" 109
"../../../Engine/Content/EngineMaterials/DefaultWhiteGrid.ubulk" 110
"../../../Engine/Content/EngineMaterials/DefaultWhiteGrid.uasset" 111
"../../../Engine/Content/EngineMaterials/DefaultWhiteGrid.uexp" 112
"../../../Engine/Content/EngineMaterials/DefaultBokeh.uasset" 113
"../../../Engine/Content/EngineMaterials/DefaultBokeh.uexp" 114
"../../../Engine/Content/EngineMaterials/DefaultBloomKernel.uasset" 115
"../../../Engine/Content/EngineMaterials/DefaultBloomKernel.uexp" 116
"../../../Engine/Content/EngineDamageTypes/DmgTypeBP_Environmental.uasset" 117
"../../../Engine/Content/EngineDamageTypes/DmgTypeBP_Environmental.uexp" 118
"../../../Engine/Content/EditorResources/S_TriggerSphere.uasset" 119
"../../../Engine/Content/EditorResources/S_TriggerSphere.uexp" 120
"../../../Engine/Content/EditorResources/S_TriggerCapsule.uasset" 121
"../../../Engine/Content/EditorResources/S_TriggerCapsule.uexp" 122
"../../../Engine/Content/EditorResources/S_TriggerBox.uasset" 123
"../../../Engine/Content/EditorResources/S_TriggerBox.uexp" 124
"../../../Engine/Content/EditorResources/S_Trigger.ubulk" 125
"../../../Engine/Content/EditorResources/S_Trigger.uasset" 126
"../../../Engine/Content/EditorResources/S_Trigger.uexp" 127
"../../../Engine/Content/EditorResources/S_Terrain.ubulk" 128
"../../../Engine/Content/EditorResources/S_Terrain.uasset" 129
"../../../Engine/Content/EditorResources/S_Terrain.uexp" 130
"../../../Engine/Content/EditorResources/S_Solver.ubulk" 131
"../../../Engine/Content/EditorResources/S_Solver.uasset" 132
"../../../Engine/Content/EditorResources/S_Solver.uexp" 133
"../../../Engine/Content/EditorResources/S_BoxReflectionCapture.uasset" 134
"../../../Engine/Content/EditorResources/S_BoxReflectionCapture.uexp" 135
"../../../Engine/Content/EditorResources/BSPVertex.uasset" 136
"../../../Engine/Content/EditorResources/BSPVertex.uexp" 137
"../../../Engine/Plugins/Runtime/AudioWidgets/Content/Resources/ScrubHandleDown_Clamped.uasset" 138
"../../../Engine/Plugins/Runtime/AudioWidgets/Content/Resources/ScrubHandleDown_Clamped.uexp" 139
"../../../Engine/Plugins/Fab/Content/Placeholders/FabLogo.ubulk" 140
"../../../Engine/Plugins/Fab/Content/Placeholders/FabLogo.uasset" 141
"../../../Engine/Plugins/Fab/Content/Placeholders/FabLogo.uexp" 142
"../../../Engine/Content/EditorMaterials/ParticleSystems/PSysThumbnail_OOD.ubulk" 143
"../../../Engine/Content/EditorMaterials/ParticleSystems/PSysThumbnail_OOD.uasset" 144
"../../../Engine/Content/EditorMaterials/ParticleSystems/PSysThumbnail_OOD.uexp" 145
"../../../Engine/Content/EditorMaterials/ParticleSystems/PSysThumbnail_NoImage.ubulk" 146
"../../../Engine/Content/EditorMaterials/ParticleSystems/PSysThumbnail_NoImage.uasset" 147
"../../../Engine/Content/EditorMaterials/ParticleSystems/PSysThumbnail_NoImage.uexp" 148
"../../../Engine/Content/EngineResources/FilmGrains/Marcie_Grain_v3_128_M2_000.uasset" 149
"../../../Engine/Content/EngineResources/FilmGrains/Marcie_Grain_v3_128_M2_000.uexp" 150
"../../../Engine/Content/EngineResources/Development/ZenLogo_64.uasset" 151
"../../../Engine/Content/EngineResources/Development/ZenLogo_64.uexp" 152
"../../../Engine/Content/EngineMaterials/LTC/Sheen_LTC.uasset" 153
"../../../Engine/Content/EngineMaterials/LTC/Sheen_LTC.uexp" 154
"../../../Engine/Content/EngineMaterials/LTC/GGX_LTCMat.uasset" 155
"../../../Engine/Content/EngineMaterials/LTC/GGX_LTCMat.uexp" 156
"../../../Engine/Content/EngineMaterials/LTC/GGX_LTCAmp.uasset" 157
"../../../Engine/Content/EngineMaterials/LTC/GGX_LTCAmp.uexp" 158
"../../../Engine/Content/EngineMaterials/EnergyConservation/Sheen_Energy.uasset" 159
"../../../Engine/Content/EngineMaterials/EnergyConservation/Sheen_Energy.uexp" 160
"../../../Engine/Content/EngineMaterials/EnergyConservation/SheenLegacy_Energy.uasset" 161
"../../../Engine/Content/EngineMaterials/EnergyConservation/SheenLegacy_Energy.uexp" 162
"../../../Engine/Content/EngineMaterials/EnergyConservation/GGX_TransmissionEnergyArray.uasset" 163
"../../../Engine/Content/EngineMaterials/EnergyConservation/GGX_TransmissionEnergyArray.uexp" 164
"../../../Engine/Content/EngineMaterials/EnergyConservation/GGX_ReflectionEnergy.uasset" 165
"../../../Engine/Content/EngineMaterials/EnergyConservation/GGX_ReflectionEnergy.uexp" 166
"../../../Engine/Content/EngineMaterials/EnergyConservation/Diffuse_Energy.uasset" 167
"../../../Engine/Content/EngineMaterials/EnergyConservation/Diffuse_Energy.uexp" 168
"../../../Engine/Content/EditorResources/SequenceRecorder/RecordingIndicator.uasset" 169
"../../../Engine/Content/EditorResources/SequenceRecorder/RecordingIndicator.uexp" 170
"../../../Engine/Content/EditorResources/SequenceRecorder/Countdown.uasset" 171
"../../../Engine/Content/EditorResources/SequenceRecorder/Countdown.uexp" 172
"C:/Users/sayan/Projects/UE5-UI-Framework/UE5_Frontend_UI/Content/Assets/Textures/T_RightArrow.uasset" 173
"C:/Users/sayan/Projects/UE5-UI-Framework/UE5_Frontend_UI/Content/Assets/Textures/T_RightArrow.uexp" 174
"C:/Users/sayan/Projects/UE5-UI-Framework/UE5_Frontend_UI/Content/Assets/Textures/T_LeftArrow.uasset" 175
"C:/Users/sayan/Projects/UE5-UI-Framework/UE5_Frontend_UI/Content/Assets/Textures/T_LeftArrow.uexp" 176
"C:/Users/sayan/Projects/UE5-UI-Framework/UE5_Frontend_UI/Content/Blueprints/UI/CommonInputData/DT_CommonInputKeyMapping.uasset" 177
"C:/Users/sayan/Projects/UE5-UI-Framework/UE5_Frontend_UI/Content/Blueprints/UI/CommonInputData/DT_CommonInputKeyMapping.uexp" 178
"C:/Users/sayan/Projects/UE5-UI-Framework/UE5_Frontend_UI/Content/Blueprints/UI/CommonInputData/InputData_Default.uasset" 179
"C:/Users/sayan/Projects/UE5-UI-Framework/UE5_Frontend_UI/Content/Blueprints/UI/CommonInputData/InputData_Default.uexp" 180
"C:/Users/sayan/Projects/UE5-UI-Framework/UE5_Frontend_UI/Content/Assets/ControllerIcons/MouseKeyboard/Esc_Key_Dark.uasset" 181
"C:/Users/sayan/Projects/UE5-UI-Framework/UE5_Frontend_UI/Content/Assets/ControllerIcons/MouseKeyboard/Esc_Key_Dark.uexp" 182
"C:/Users/sayan/Projects/UE5-UI-Framework/UE5_Frontend_UI/Content/Assets/ControllerIcons/MouseKeyboard/Del_Key_Dark.uasset" 183
"C:/Users/sayan/Projects/UE5-UI-Framework/UE5_Frontend_UI/Content/Assets/ControllerIcons/MouseKeyboard/Del_Key_Dark.uexp" 184
"C:/Users/sayan/Projects/UE5-UI-Framework/UE5_Frontend_UI/Content/Blueprints/UI/CommonInputData/ControllerData_MouseKeyboard.uasset" 185
"C:/Users/sayan/Projects/UE5-UI-Framework/UE5_Frontend_UI/Content/Blueprints/UI/CommonInputData/ControllerData_MouseKeyboard.uexp" 186
"C:/Users/sayan/Projects/UE5-UI-Framework/UE5_Frontend_UI/Content/Assets/ControllerIcons/PS4/PS4_Circle.uasset" 187
"C:/Users/sayan/Projects/UE5-UI-Framework/UE5_Frontend_UI/Content/Assets/ControllerIcons/PS4/PS4_Circle.uexp" 188
"C:/Users/sayan/Projects/UE5-UI-Framework/UE5_Frontend_UI/Content/Assets/ControllerIcons/PS4/PS4_Triangle.uasset" 189
"C:/Users/sayan/Projects/UE5-UI-Framework/UE5_Frontend_UI/Content/Assets/ControllerIcons/PS4/PS4_Triangle.uexp" 190
"C:/Users/sayan/Projects/UE5-UI-Framework/UE5_Frontend_UI/Content/Assets/ControllerIcons/PS4/PS4_R1.uasset" 191
"C:/Users/sayan/Projects/UE5-UI-Framework/UE5_Frontend_UI/Content/Assets/ControllerIcons/PS4/PS4_R1.uexp" 192
"C:/Users/sayan/Projects/UE5-UI-Framework/UE5_Frontend_UI/Content/Assets/ControllerIcons/PS4/PS4_L1.uasset" 193
"C:/Users/sayan/Projects/UE5-UI-Framework/UE5_Frontend_UI/Content/Assets/ControllerIcons/PS4/PS4_L1.uexp" 194
"C:/Users/sayan/Projects/UE5-UI-Framework/UE5_Frontend_UI/Content/Blueprints/UI/CommonInputData/ControllerData_Gamepad.uasset" 195
"C:/Users/sayan/Projects/UE5-UI-Framework/UE5_Frontend_UI/Content/Blueprints/UI/CommonInputData/ControllerData_Gamepad.uexp" 196
"../../../Engine/Content/Functions/Engine_MaterialFunctions01/Shading/ConvertFromDiffSpec.uasset" 197
"../../../Engine/Content/Functions/Engine_MaterialFunctions01/Shading/ConvertFromDiffSpec.uexp" 198
"../../../Engine/Content/Functions/Engine_MaterialFunctions01/Shading/PowerToRoughness.uasset" 199
"../../../Engine/Content/Functions/Engine_MaterialFunctions01/Shading/PowerToRoughness.uexp" 200
"../../../Engine/Content/EditorMaterials/Dataflow/DataflowTwoSidedVertexMaterial.uasset" 201
"../../../Engine/Content/EditorMaterials/Dataflow/DataflowTwoSidedVertexMaterial.uexp" 202
"../../../Engine/Content/EditorMaterials/Dataflow/DataflowVertexMaterial.uasset" 203
"../../../Engine/Content/EditorMaterials/Dataflow/DataflowVertexMaterial.uexp" 204
"../../../Engine/Plugins/Animation/ControlRig/Content/Controls/ControlRigGizmoMaterial.uasset" 205
"../../../Engine/Plugins/Animation/ControlRig/Content/Controls/ControlRigGizmoMaterial.uexp" 206
"../../../Engine/Plugins/Animation/ControlRig/Content/Controls/ControlRigXRayMaterial.uasset" 207
"../../../Engine/Plugins/Animation/ControlRig/Content/Controls/ControlRigXRayMaterial.uexp" 208
"../../../Engine/Content/Functions/Engine_MaterialFunctions02/Utility/VectorLength.uasset" 209
"../../../Engine/Content/Functions/Engine_MaterialFunctions02/Utility/VectorLength.uexp" 210
"../../../Engine/Content/Functions/Engine_MaterialFunctions02/WorldPositionOffset/ObjectScale.uasset" 211
"../../../Engine/Content/Functions/Engine_MaterialFunctions02/WorldPositionOffset/ObjectScale.uexp" 212
"../../../Engine/Content/Functions/Engine_MaterialFunctions02/Utility/BreakOutFloat3Components.uasset" 213
"../../../Engine/Content/Functions/Engine_MaterialFunctions02/Utility/BreakOutFloat3Components.uexp" 214
"../../../Engine/Content/Functions/Engine_MaterialFunctions02/SafeNormalize.uasset" 215
"../../../Engine/Content/Functions/Engine_MaterialFunctions02/SafeNormalize.uexp" 216
"../../../Engine/Plugins/Editor/SpeedTreeImporter/Content/SpeedTree9/UnpackInteger3.uasset" 217
"../../../Engine/Plugins/Editor/SpeedTreeImporter/Content/SpeedTree9/UnpackInteger3.uexp" 218
"../../../Engine/Plugins/Editor/SpeedTreeImporter/Content/SpeedTree9/UnpackDirection.uasset" 219
"../../../Engine/Plugins/Editor/SpeedTreeImporter/Content/SpeedTree9/UnpackDirection.uexp" 220
"../../../Engine/Plugins/Editor/SpeedTreeImporter/Content/SpeedTree9/game_wind_noise.ubulk" 221
"../../../Engine/Plugins/Editor/SpeedTreeImporter/Content/SpeedTree9/game_wind_noise.uasset" 222
"../../../Engine/Plugins/Editor/SpeedTreeImporter/Content/SpeedTree9/game_wind_noise.uexp" 223
"../../../Engine/Plugins/Editor/SpeedTreeImporter/Content/SpeedTree9/SpeedTreeWindMotion.uasset" 224
"../../../Engine/Plugins/Editor/SpeedTreeImporter/Content/SpeedTree9/SpeedTreeWindMotion.uexp" 225
"../../../Engine/Content/Functions/Engine_MaterialFunctions02/ObjectLocalBounds.uasset" 226
"../../../Engine/Content/Functions/Engine_MaterialFunctions02/ObjectLocalBounds.uexp" 227
"../../../Engine/Content/Functions/Engine_MaterialFunctions02/UVs/BoundingBoxBased_0-1_UVW.uasset" 228
"../../../Engine/Content/Functions/Engine_MaterialFunctions02/UVs/BoundingBoxBased_0-1_UVW.uexp" 229
"../../../Engine/Plugins/Editor/SpeedTreeImporter/Content/SpeedTree9/SpeedTreeBranchMotion.uasset" 230
"../../../Engine/Plugins/Editor/SpeedTreeImporter/Content/SpeedTree9/SpeedTreeBranchMotion.uexp" 231
"../../../Engine/Plugins/Editor/SpeedTreeImporter/Content/SpeedTree9/SpeedTreeWind.uasset" 232
"../../../Engine/Plugins/Editor/SpeedTreeImporter/Content/SpeedTree9/SpeedTreeWind.uexp" 233
"../../../Engine/Plugins/Editor/SpeedTreeImporter/Content/SpeedTree9/Empty.uasset" 234
"../../../Engine/Plugins/Editor/SpeedTreeImporter/Content/SpeedTree9/Empty.uexp" 235
"../../../Engine/Plugins/Editor/SpeedTreeImporter/Content/SpeedTree9/EmptyNormal.uasset" 236
"../../../Engine/Plugins/Editor/SpeedTreeImporter/Content/SpeedTree9/EmptyNormal.uexp" 237
"../../../Engine/Plugins/Editor/SpeedTreeImporter/Content/SpeedTree9/SpeedTreeBillboard.uasset" 238
"../../../Engine/Plugins/Editor/SpeedTreeImporter/Content/SpeedTree9/SpeedTreeBillboard.uexp" 239
"../../../Engine/Plugins/Editor/SpeedTreeImporter/Content/SpeedTree9/SpeedTreeBillboardMaster.uasset" 240
"../../../Engine/Plugins/Editor/SpeedTreeImporter/Content/SpeedTree9/SpeedTreeBillboardMaster.uexp" 241
"../../../Engine/Plugins/Editor/SpeedTreeImporter/Content/SpeedTree9/SpeedTreeCameraFacing.uasset" 242
"../../../Engine/Plugins/Editor/SpeedTreeImporter/Content/SpeedTree9/SpeedTreeCameraFacing.uexp" 243
"../../../Engine/Plugins/Editor/SpeedTreeImporter/Content/SpeedTree9/SpeedTreeMaster.uasset" 244
"../../../Engine/Plugins/Editor/SpeedTreeImporter/Content/SpeedTree9/SpeedTreeMaster.uexp" 245
"../../../Engine/Plugins/Interchange/Assets/Content/Functions/MX_AbsorptionVDF.uasset" 246
"../../../Engine/Plugins/Interchange/Assets/Content/Functions/MX_AbsorptionVDF.uexp" 247
"../../../Engine/Plugins/Interchange/Assets/Content/Functions/MX_AnisotropicVDF.uasset" 248
"../../../Engine/Plugins/Interchange/Assets/Content/Functions/MX_AnisotropicVDF.uexp" 249
"../../../Engine/Plugins/Interchange/Assets/Content/Functions/MX_BurleyDiffuseBSDF.uasset" 250
"../../../Engine/Plugins/Interchange/Assets/Content/Functions/MX_BurleyDiffuseBSDF.uexp" 251
"../../../Engine/Plugins/Interchange/Assets/Content/Functions/MX_ConductorBSDF.uasset" 252
"../../../Engine/Plugins/Interchange/Assets/Content/Functions/MX_ConductorBSDF.uexp" 253
"../../../Engine/Plugins/Interchange/Assets/Content/Functions/MX_ConicalEDF.uasset" 254
"../../../Engine/Plugins/Interchange/Assets/Content/Functions/MX_ConicalEDF.uexp" 255
"../../../Engine/Plugins/Interchange/Assets/Content/Functions/MX_DielectricBSDF.uasset" 256
"../../../Engine/Plugins/Interchange/Assets/Content/Functions/MX_DielectricBSDF.uexp" 257
"../../../Engine/Plugins/Interchange/Assets/Content/Functions/MX_Displacement.uasset" 258
"../../../Engine/Plugins/Interchange/Assets/Content/Functions/MX_Displacement.uexp" 259
"../../../Engine/Plugins/Interchange/Assets/Content/Functions/MX_GeneralizedSchlickBSDF.uasset" 260
"../../../Engine/Plugins/Interchange/Assets/Content/Functions/MX_GeneralizedSchlickBSDF.uexp" 261
"../../../Engine/Plugins/Interchange/Assets/Content/Functions/MX_MeasuredEDF.uasset" 262
"../../../Engine/Plugins/Interchange/Assets/Content/Functions/MX_MeasuredEDF.uexp" 263
"../../../Engine/Plugins/Interchange/Assets/Content/Functions/MF_IridescenceNoLUT.uasset" 264
"../../../Engine/Plugins/Interchange/Assets/Content/Functions/MF_IridescenceNoLUT.uexp" 265
"../../../Engine/Plugins/Interchange/Assets/Content/Functions/MX_StandardSurface.uasset" 266
"../../../Engine/Plugins/Interchange/Assets/Content/Functions/MX_StandardSurface.uexp" 267
"../../../Engine/Plugins/Interchange/Assets/Content/Functions/MX_OpenPBR_Opaque.uasset" 268
"../../../Engine/Plugins/Interchange/Assets/Content/Functions/MX_OpenPBR_Opaque.uexp" 269
"../../../Engine/Plugins/Interchange/Assets/Content/Functions/MX_TransmissionSurface.uasset" 270
"../../../Engine/Plugins/Interchange/Assets/Content/Functions/MX_TransmissionSurface.uexp" 271
"../../../Engine/Plugins/Interchange/Assets/Content/Functions/MX_OpenPBR_Translucent.uasset" 272
"../../../Engine/Plugins/Interchange/Assets/Content/Functions/MX_OpenPBR_Translucent.uexp" 273
"../../../Engine/Plugins/Interchange/Assets/Content/Functions/MX_OrenNayarBSDF.uasset" 274
"../../../Engine/Plugins/Interchange/Assets/Content/Functions/MX_OrenNayarBSDF.uexp" 275
"../../../Engine/Plugins/Interchange/Assets/Content/Functions/MX_SheenBSDF.uasset" 276
"../../../Engine/Plugins/Interchange/Assets/Content/Functions/MX_SheenBSDF.uexp" 277
"../../../Engine/Plugins/Interchange/Assets/Content/Functions/MX_SubsurfaceBSDF.uasset" 278
"../../../Engine/Plugins/Interchange/Assets/Content/Functions/MX_SubsurfaceBSDF.uexp" 279
"../../../Engine/Plugins/Interchange/Assets/Content/Functions/MX_Surface.uasset" 280
"../../../Engine/Plugins/Interchange/Assets/Content/Functions/MX_Surface.uexp" 281
"../../../Engine/Plugins/Interchange/Assets/Content/Functions/MX_SurfaceUnlit.uasset" 282
"../../../Engine/Plugins/Interchange/Assets/Content/Functions/MX_SurfaceUnlit.uexp" 283
"../../../Engine/Plugins/Interchange/Assets/Content/Functions/MX_ThinFilmBSDF.uasset" 284
"../../../Engine/Plugins/Interchange/Assets/Content/Functions/MX_ThinFilmBSDF.uexp" 285
"../../../Engine/Plugins/Interchange/Assets/Content/Functions/MX_TranslucentBSDF.uasset" 286
"../../../Engine/Plugins/Interchange/Assets/Content/Functions/MX_TranslucentBSDF.uexp" 287
"../../../Engine/Plugins/Interchange/Assets/Content/Functions/MX_UniformEDF.uasset" 288
"../../../Engine/Plugins/Interchange/Assets/Content/Functions/MX_UniformEDF.uexp" 289
"../../../Engine/Plugins/Interchange/Assets/Content/Functions/MX_UsdPreviewSurface.uasset" 290
"../../../Engine/Plugins/Interchange/Assets/Content/Functions/MX_UsdPreviewSurface.uexp" 291
"../../../Engine/Plugins/Runtime/HairStrands/Content/Materials/HairCardsDefaultMaterial.uasset" 292
"../../../Engine/Plugins/Runtime/HairStrands/Content/Materials/HairCardsDefaultMaterial.uexp" 293
"../../../Engine/Content/Functions/Engine_MaterialFunctions02/Utility/MakeFloat2.uasset" 294
"../../../Engine/Content/Functions/Engine_MaterialFunctions02/Utility/MakeFloat2.uexp" 295
"../../../Engine/Content/Functions/Engine_MaterialFunctions02/Utility/MakeFloat3.uasset" 296
"../../../Engine/Content/Functions/Engine_MaterialFunctions02/Utility/MakeFloat3.uexp" 297
"../../../Engine/Content/EngineMaterials/HairDebugColor.uasset" 298
"../../../Engine/Content/EngineMaterials/HairDebugColor.uexp" 299
"../../../Engine/Content/EngineMaterials/HairColorMap.uasset" 300
"../../../Engine/Content/EngineMaterials/HairColorMap.uexp" 301
"../../../Engine/Plugins/Runtime/HairStrands/Content/Materials/HairGroupColors.uasset" 302
"../../../Engine/Plugins/Runtime/HairStrands/Content/Materials/HairGroupColors.uexp" 303
"../../../Engine/Plugins/Runtime/HairStrands/Content/Materials/HairDebugMaterial.uasset" 304
"../../../Engine/Plugins/Runtime/HairStrands/Content/Materials/HairDebugMaterial.uexp" 305
"../../../Engine/Plugins/Runtime/HairStrands/Content/Materials/HairDefaultMaterial.uasset" 306
"../../../Engine/Plugins/Runtime/HairStrands/Content/Materials/HairDefaultMaterial.uexp" 307
"../../../Engine/Plugins/Runtime/HairStrands/Content/Materials/HairMeshesDefaultMaterial.uasset" 308
"../../../Engine/Plugins/Runtime/HairStrands/Content/Materials/HairMeshesDefaultMaterial.uexp" 309
"../../../Engine/Plugins/VirtualProduction/CameraCalibrationCore/Content/Materials/M_DefaultEvenSquare.uasset" 310
"../../../Engine/Plugins/VirtualProduction/CameraCalibrationCore/Content/Materials/M_DefaultEvenSquare.uexp" 311
"../../../Engine/Plugins/VirtualProduction/CameraCalibrationCore/Content/Materials/M_DefaultOddSquare.uasset" 312
"../../../Engine/Plugins/VirtualProduction/CameraCalibrationCore/Content/Materials/M_DefaultOddSquare.uexp" 313
"../../../Engine/Content/EditorMaterials/PhAT_NoCollisionMaterial.uasset" 314
"../../../Engine/Content/EditorMaterials/PhAT_NoCollisionMaterial.uexp" 315
"../../../Engine/Content/EditorMaterials/PhAT_UnselectedMaterial.uasset" 316
"../../../Engine/Content/EditorMaterials/PhAT_UnselectedMaterial.uexp" 317
"../../../Engine/Content/EditorMaterials/PreviewShadowIndicator.ubulk" 318
"../../../Engine/Content/EditorMaterials/PreviewShadowIndicator.uasset" 319
"../../../Engine/Content/EditorMaterials/PreviewShadowIndicator.uexp" 320
"../../../Engine/Content/EditorMaterials/PreviewShadowIndicatorMaterial.uasset" 321
"../../../Engine/Content/EditorMaterials/PreviewShadowIndicatorMaterial.uexp" 322
"../../../Engine/Content/EngineDebugMaterials/DebugEditorMaterial.uasset" 323
"../../../Engine/Content/EngineDebugMaterials/DebugEditorMaterial.uexp" 324
"../../../Engine/Content/EngineDebugMaterials/DebugMeshMaterial.uasset" 325
"../../../Engine/Content/EngineDebugMaterials/DebugMeshMaterial.uexp" 326
"../../../Engine/Content/EngineDebugMaterials/M_SimpleUnlitTranslucent.uasset" 327
"../../../Engine/Content/EngineDebugMaterials/M_SimpleUnlitTranslucent.uexp" 328
"../../../Engine/Content/Functions/Engine_MaterialFunctions02/Utility/CameraDirectionVector.uasset" 329
"../../../Engine/Content/Functions/Engine_MaterialFunctions02/Utility/CameraDirectionVector.uexp" 330
"../../../Engine/Content/EngineDebugMaterials/VolumeToRender.uasset" 331
"../../../Engine/Content/EngineDebugMaterials/VolumeToRender.uexp" 332
"../../../Engine/Content/EngineDebugMaterials/M_VolumeRenderSphereTracePP.uasset" 333
"../../../Engine/Content/EngineDebugMaterials/M_VolumeRenderSphereTracePP.uexp" 334
"../../../Engine/Content/EngineMaterials/DefaultDiffuse.ubulk" 335
"../../../Engine/Content/EngineMaterials/DefaultDiffuse.uasset" 336
"../../../Engine/Content/EngineMaterials/DefaultDiffuse.uexp" 337
"../../../Engine/Content/EngineMaterials/DefaultDeferredDecalMaterial.uasset" 338
"../../../Engine/Content/EngineMaterials/DefaultDeferredDecalMaterial.uexp" 339
"../../../Engine/Content/EngineMaterials/DefaultLightFunctionMaterial.uasset" 340
"../../../Engine/Content/EngineMaterials/DefaultLightFunctionMaterial.uexp" 341
"../../../Engine/Content/Functions/Engine_MaterialFunctions02/Utility/BreakOutFloat2Components.uasset" 342
"../../../Engine/Content/Functions/Engine_MaterialFunctions02/Utility/BreakOutFloat2Components.uexp" 343
"../../../Engine/Content/EngineMaterials/DefaultPostProcessMaterial.uasset" 344
"../../../Engine/Content/EngineMaterials/DefaultPostProcessMaterial.uexp" 345
"../../../Engine/Content/EngineFonts/RobotoDistanceField.uasset" 346
"../../../Engine/Content/EngineFonts/RobotoDistanceField.uexp" 347
"../../../Engine/Content/EngineMaterials/DefaultTextMaterialOpaque.uasset" 348
"../../../Engine/Content/EngineMaterials/DefaultTextMaterialOpaque.uexp" 349
"../../../Engine/Content/EngineMaterials/DefaultWhiteGrid_Low.uasset" 350
"../../../Engine/Content/EngineMaterials/DefaultWhiteGrid_Low.uexp" 351
"../../../Engine/Content/EngineMaterials/EmissiveMeshMaterial.uasset" 352
"../../../Engine/Content/EngineMaterials/EmissiveMeshMaterial.uexp" 353
"../../../Engine/Content/EngineMaterials/BaseFlattenNormalMap.uasset" 354
"../../../Engine/Content/EngineMaterials/BaseFlattenNormalMap.uexp" 355
"../../../Engine/Content/EngineMaterials/BaseFlattenDiffuseMap.uasset" 356
"../../../Engine/Content/EngineMaterials/BaseFlattenDiffuseMap.uexp" 357
"../../../Engine/Content/EngineMaterials/BaseFlattenEmissiveMap.uasset" 358
"../../../Engine/Content/EngineMaterials/BaseFlattenEmissiveMap.uexp" 359
"../../../Engine/Content/EngineMaterials/BaseFlattenGrayscaleMap.uasset" 360
"../../../Engine/Content/EngineMaterials/BaseFlattenGrayscaleMap.uexp" 361
"../../../Engine/Content/EngineMaterials/BaseFlattenLinearColor.uasset" 362
"../../../Engine/Content/EngineMaterials/BaseFlattenLinearColor.uexp" 363
"../../../Engine/Content/Functions/Engine_MaterialFunctions02/PivotPainter2/Black_1x1_EXR_Texture.uasset" 364
"../../../Engine/Content/Functions/Engine_MaterialFunctions02/PivotPainter2/Black_1x1_EXR_Texture.uexp" 365
"../../../Engine/Content/EngineMaterials/FlattenMaterial.uasset" 366
"../../../Engine/Content/EngineMaterials/FlattenMaterial.uexp" 367
"../../../Engine/Content/EngineMaterials/BaseFlattenDiffuseMap_VT.ubulk" 368
"../../../Engine/Content/EngineMaterials/BaseFlattenDiffuseMap_VT.uasset" 369
"../../../Engine/Content/EngineMaterials/BaseFlattenDiffuseMap_VT.uexp" 370
"../../../Engine/Content/EngineMaterials/BaseFlattenEmissiveMap_VT.ubulk" 371
"../../../Engine/Content/EngineMaterials/BaseFlattenEmissiveMap_VT.uasset" 372
"../../../Engine/Content/EngineMaterials/BaseFlattenEmissiveMap_VT.uexp" 373
"../../../Engine/Content/EngineMaterials/BaseFlattenGrayscaleMap_VT.ubulk" 374
"../../../Engine/Content/EngineMaterials/BaseFlattenGrayscaleMap_VT.uasset" 375
"../../../Engine/Content/EngineMaterials/BaseFlattenGrayscaleMap_VT.uexp" 376
"../../../Engine/Content/EngineMaterials/BaseFlattenLinearColor_VT.ubulk" 377
"../../../Engine/Content/EngineMaterials/BaseFlattenLinearColor_VT.uasset" 378
"../../../Engine/Content/EngineMaterials/BaseFlattenLinearColor_VT.uexp" 379
"../../../Engine/Content/EngineMaterials/BaseFlattenNormalMap_VT.ubulk" 380
"../../../Engine/Content/EngineMaterials/BaseFlattenNormalMap_VT.uasset" 381
"../../../Engine/Content/EngineMaterials/BaseFlattenNormalMap_VT.uexp" 382
"../../../Engine/Content/EngineMaterials/Black_1x1_EXR_Texture_VT.ubulk" 383
"../../../Engine/Content/EngineMaterials/Black_1x1_EXR_Texture_VT.uasset" 384
"../../../Engine/Content/EngineMaterials/Black_1x1_EXR_Texture_VT.uexp" 385
"../../../Engine/Content/EngineMaterials/FlattenMaterial_VT.uasset" 386
"../../../Engine/Content/EngineMaterials/FlattenMaterial_VT.uexp" 387
"../../../Engine/Content/EngineMaterials/FlattenMaterial_WS_Normal_VT.uasset" 388
"../../../Engine/Content/EngineMaterials/FlattenMaterial_WS_Normal_VT.uexp" 389
"../../../Engine/Content/EngineMaterials/GizmoMaterial.uasset" 390
"../../../Engine/Content/EngineMaterials/GizmoMaterial.uexp" 391
"../../../Engine/Content/EngineMaterials/InvalidLightmapSettings.ubulk" 392
"../../../Engine/Content/EngineMaterials/InvalidLightmapSettings.uasset" 393
"../../../Engine/Content/EngineMaterials/InvalidLightmapSettings.uexp" 394
"../../../Engine/Content/EngineMaterials/M_InvalidLightmapSettings.uasset" 395
"../../../Engine/Content/EngineMaterials/M_InvalidLightmapSettings.uexp" 396
"../../../Engine/Content/EngineMaterials/NaniteHiddenSectionMaterial.uasset" 397
"../../../Engine/Content/EngineMaterials/NaniteHiddenSectionMaterial.uexp" 398
"../../../Engine/Content/Functions/Engine_MaterialFunctions02/WorldPositionOffset/CameraOffset.uasset" 399
"../../../Engine/Content/Functions/Engine_MaterialFunctions02/WorldPositionOffset/CameraOffset.uexp" 400
"../../../Engine/Content/EngineMaterials/PhAT_JointLimitMaterial.uasset" 401
"../../../Engine/Content/EngineMaterials/PhAT_JointLimitMaterial.uexp" 402
"../../../Engine/Content/EngineMaterials/DefaultCalibrationColor.uasset" 403
"../../../Engine/Content/EngineMaterials/DefaultCalibrationColor.uexp" 404
"../../../Engine/Content/EngineMaterials/PPM_DefaultCalibrationColor.uasset" 405
"../../../Engine/Content/EngineMaterials/PPM_DefaultCalibrationColor.uexp" 406
"../../../Engine/Content/EngineMaterials/DefaultCalibrationGrayscale.uasset" 407
"../../../Engine/Content/EngineMaterials/DefaultCalibrationGrayscale.uexp" 408
"../../../Engine/Content/EngineMaterials/PPM_DefaultCalibrationGrayscale.uasset" 409
"../../../Engine/Content/EngineMaterials/PPM_DefaultCalibrationGrayscale.uexp" 410
"../../../Engine/Content/EngineMaterials/RemoveSurfaceMaterial.uasset" 411
"../../../Engine/Content/EngineMaterials/RemoveSurfaceMaterial.uexp" 412
"../../../Engine/Content/BasicShapes/BasicShapeMaterial.uasset" 413
"../../../Engine/Content/BasicShapes/BasicShapeMaterial.uexp" 414
"../../../Engine/Content/EditorLandscapeResources/DefaultAlphaTexture.uasset" 415
"../../../Engine/Content/EditorLandscapeResources/DefaultAlphaTexture.uexp" 416
"../../../Engine/Content/EditorLandscapeResources/LandscapeDirtyMaterial.uasset" 417
"../../../Engine/Content/EditorLandscapeResources/LandscapeDirtyMaterial.uexp" 418
"../../../Engine/Content/Functions/Engine_MaterialFunctions01/Texturing/ScaleUVsByCenter.uasset" 419
"../../../Engine/Content/Functions/Engine_MaterialFunctions01/Texturing/ScaleUVsByCenter.uexp" 420
"../../../Engine/Content/Functions/Engine_MaterialFunctions02/WorldPositionOffset/LocalPosition.uasset" 421
"../../../Engine/Content/Functions/Engine_MaterialFunctions02/WorldPositionOffset/LocalPosition.uexp" 422
"../../../Engine/Content/Functions/Engine_MaterialFunctions01/Texturing/TextureCropping.uasset" 423
"../../../Engine/Content/Functions/Engine_MaterialFunctions01/Texturing/TextureCropping.uexp" 424
"../../../Engine/Content/Functions/Engine_MaterialFunctions02/ExampleContent/DebugNumberStrip.uasset" 425
"../../../Engine/Content/Functions/Engine_MaterialFunctions02/ExampleContent/DebugNumberStrip.uexp" 426
"../../../Engine/Content/Functions/Engine_MaterialFunctions01/Debug/DebugIntValues.uasset" 427
"../../../Engine/Content/Functions/Engine_MaterialFunctions01/Debug/DebugIntValues.uexp" 428
"../../../Engine/Content/EditorLandscapeResources/LandscapeLayerUsageMaterial.uasset" 429
"../../../Engine/Content/EditorLandscapeResources/LandscapeLayerUsageMaterial.uexp" 430
"../../../Engine/Content/EditorLandscapeResources/WhiteSquareTexture.uasset" 431
"../../../Engine/Content/EditorLandscapeResources/WhiteSquareTexture.uexp" 432
"../../../Engine/Content/EditorLandscapeResources/LayerVisMaterial.uasset" 433
"../../../Engine/Content/EditorLandscapeResources/LayerVisMaterial.uexp" 434
"../../../Engine/Plugins/Runtime/CommonUI/Content/DefaultMediaTexture.uasset" 435
"../../../Engine/Plugins/Runtime/CommonUI/Content/DefaultMediaTexture.uexp" 436
"../../../Engine/Plugins/Runtime/CommonUI/Content/VideoPlayerMaterial.uasset" 437
"../../../Engine/Plugins/Runtime/CommonUI/Content/VideoPlayerMaterial.uexp" 438
"../../../Engine/Plugins/Animation/ControlRig/Content/M_Manip.uasset" 439
"../../../Engine/Plugins/Animation/ControlRig/Content/M_Manip.uexp" 440
"../../../Engine/Content/EngineMaterials/T_Default_Material_Grid_M.ubulk" 441
"../../../Engine/Content/EngineMaterials/T_Default_Material_Grid_M.uasset" 442
"../../../Engine/Content/EngineMaterials/T_Default_Material_Grid_M.uexp" 443
"../../../Engine/Content/Functions/Engine_MaterialFunctions01/Opacity/CameraDepthFade.uasset" 444
"../../../Engine/Content/Functions/Engine_MaterialFunctions01/Opacity/CameraDepthFade.uexp" 445
"../../../Engine/Content/EngineMaterials/T_Default_Material_Grid_N.ubulk" 446
"../../../Engine/Content/EngineMaterials/T_Default_Material_Grid_N.uasset" 447
"../../../Engine/Content/EngineMaterials/T_Default_Material_Grid_N.uexp" 448
"../../../Engine/Content/EngineMaterials/WorldGridMaterial.uasset" 449
"../../../Engine/Content/EngineMaterials/WorldGridMaterial.uexp" 450
"../../../Engine/Plugins/Media/MediaPlate/Content/SM_MediaPlateScreen.ubulk" 451
"../../../Engine/Plugins/Media/MediaPlate/Content/SM_MediaPlateScreen.uasset" 452
"../../../Engine/Plugins/Media/MediaPlate/Content/SM_MediaPlateScreen.uexp" 453
"../../../Engine/Content/EditorLandscapeResources/SplineEditorMeshMat.uasset" 454
"../../../Engine/Content/EditorLandscapeResources/SplineEditorMeshMat.uexp" 455
"../../../Engine/Content/EditorLandscapeResources/SplineEditorMesh.ubulk" 456
"../../../Engine/Content/EditorLandscapeResources/SplineEditorMesh.uasset" 457
"../../../Engine/Content/EditorLandscapeResources/SplineEditorMesh.uexp" 458
"../../../Engine/Content/EngineMaterials/DefaultMaterial.uasset" 459
"../../../Engine/Content/EngineMaterials/DefaultMaterial.uexp" 460
"../../../Engine/Content/BasicShapes/Sphere.ubulk" 461
"../../../Engine/Content/BasicShapes/Sphere.uasset" 462
"../../../Engine/Content/BasicShapes/Sphere.uexp" 463
"../../../Engine/Content/BasicShapes/Plane.ubulk" 464
"../../../Engine/Content/BasicShapes/Plane.uasset" 465
"../../../Engine/Content/BasicShapes/Plane.uexp" 466
"../../../Engine/Content/BasicShapes/Cylinder.ubulk" 467
"../../../Engine/Content/BasicShapes/Cylinder.uasset" 468
"../../../Engine/Content/BasicShapes/Cylinder.uexp" 469
"../../../Engine/Content/BasicShapes/Cone.ubulk" 470
"../../../Engine/Content/BasicShapes/Cone.uasset" 471
"../../../Engine/Content/BasicShapes/Cone.uexp" 472
"../../../Engine/Content/EngineMeshes/Sphere.ubulk" 473
"../../../Engine/Content/EngineMeshes/Sphere.uasset" 474
"../../../Engine/Content/EngineMeshes/Sphere.uexp" 475
"../../../Engine/Plugins/Animation/ControlRig/Content/Controls/ControlRig_Wedge_solid.ubulk" 476
"../../../Engine/Plugins/Animation/ControlRig/Content/Controls/ControlRig_Wedge_solid.uasset" 477
"../../../Engine/Plugins/Animation/ControlRig/Content/Controls/ControlRig_Wedge_solid.uexp" 478
"../../../Engine/Plugins/Animation/ControlRig/Content/Controls/ControlRig_Wedge_3mm.ubulk" 479
"../../../Engine/Plugins/Animation/ControlRig/Content/Controls/ControlRig_Wedge_3mm.uasset" 480
"../../../Engine/Plugins/Animation/ControlRig/Content/Controls/ControlRig_Wedge_3mm.uexp" 481
"../../../Engine/Plugins/Animation/ControlRig/Content/Controls/ControlRig_Wedge_1mm.ubulk" 482
"../../../Engine/Plugins/Animation/ControlRig/Content/Controls/ControlRig_Wedge_1mm.uasset" 483
"../../../Engine/Plugins/Animation/ControlRig/Content/Controls/ControlRig_Wedge_1mm.uexp" 484
"../../../Engine/Plugins/Animation/ControlRig/Content/Controls/ControlRig_Triangle_solid.ubulk" 485
"../../../Engine/Plugins/Animation/ControlRig/Content/Controls/ControlRig_Triangle_solid.uasset" 486
"../../../Engine/Plugins/Animation/ControlRig/Content/Controls/ControlRig_Triangle_solid.uexp" 487
"../../../Engine/Plugins/Animation/ControlRig/Content/Controls/ControlRig_Triangle_3mm.ubulk" 488
"../../../Engine/Plugins/Animation/ControlRig/Content/Controls/ControlRig_Triangle_3mm.uasset" 489
"../../../Engine/Plugins/Animation/ControlRig/Content/Controls/ControlRig_Triangle_3mm.uexp" 490
"../../../Engine/Plugins/Animation/ControlRig/Content/Controls/ControlRig_Triangle_1mm.ubulk" 491
"../../../Engine/Plugins/Animation/ControlRig/Content/Controls/ControlRig_Triangle_1mm.uasset" 492
"../../../Engine/Plugins/Animation/ControlRig/Content/Controls/ControlRig_Triangle_1mm.uexp" 493
"../../../Engine/Plugins/Animation/ControlRig/Content/Controls/ControlRig_Star4_solid.ubulk" 494
"../../../Engine/Plugins/Animation/ControlRig/Content/Controls/ControlRig_Star4_solid.uasset" 495
"../../../Engine/Plugins/Animation/ControlRig/Content/Controls/ControlRig_Star4_solid.uexp" 496
"../../../Engine/Plugins/Animation/ControlRig/Content/Controls/ControlRig_Star4_3mm.ubulk" 497
"../../../Engine/Plugins/Animation/ControlRig/Content/Controls/ControlRig_Star4_3mm.uasset" 498
"../../../Engine/Plugins/Animation/ControlRig/Content/Controls/ControlRig_Star4_3mm.uexp" 499
"../../../Engine/Plugins/Animation/ControlRig/Content/Controls/ControlRig_Star4_1mm.ubulk" 500
"../../../Engine/Plugins/Animation/ControlRig/Content/Controls/ControlRig_Star4_1mm.uasset" 501
"../../../Engine/Plugins/Animation/ControlRig/Content/Controls/ControlRig_Star4_1mm.uexp" 502
"../../../Engine/Plugins/Animation/ControlRig/Content/Controls/ControlRig_Square_solid.ubulk" 503
"../../../Engine/Plugins/Animation/ControlRig/Content/Controls/ControlRig_Square_solid.uasset" 504
"../../../Engine/Plugins/Animation/ControlRig/Content/Controls/ControlRig_Square_solid.uexp" 505
"../../../Engine/Plugins/Animation/ControlRig/Content/Controls/ControlRig_Square_3mm.ubulk" 506
"../../../Engine/Plugins/Animation/ControlRig/Content/Controls/ControlRig_Square_3mm.uasset" 507
"../../../Engine/Plugins/Animation/ControlRig/Content/Controls/ControlRig_Square_3mm.uexp" 508
"../../../Engine/Plugins/Animation/ControlRig/Content/Controls/ControlRig_Square_1mm.ubulk" 509
"../../../Engine/Plugins/Animation/ControlRig/Content/Controls/ControlRig_Square_1mm.uasset" 510
"../../../Engine/Plugins/Animation/ControlRig/Content/Controls/ControlRig_Square_1mm.uexp" 511
"../../../Engine/Plugins/Animation/ControlRig/Content/Controls/ControlRig_Sphere_solid.ubulk" 512
"../../../Engine/Plugins/Animation/ControlRig/Content/Controls/ControlRig_Sphere_solid.uasset" 513
"../../../Engine/Plugins/Animation/ControlRig/Content/Controls/ControlRig_Sphere_solid.uexp" 514
"../../../Engine/Plugins/Animation/ControlRig/Content/Controls/ControlRig_Sphere_3mm.ubulk" 515
"../../../Engine/Plugins/Animation/ControlRig/Content/Controls/ControlRig_Sphere_3mm.uasset" 516
"../../../Engine/Plugins/Animation/ControlRig/Content/Controls/ControlRig_Sphere_3mm.uexp" 517
"../../../Engine/Plugins/Animation/ControlRig/Content/Controls/ControlRig_Sphere_1mm.ubulk" 518
"../../../Engine/Plugins/Animation/ControlRig/Content/Controls/ControlRig_Sphere_1mm.uasset" 519
"../../../Engine/Plugins/Animation/ControlRig/Content/Controls/ControlRig_Sphere_1mm.uexp" 520
"../../../Engine/Plugins/Animation/ControlRig/Content/Controls/ControlRig_RoundedTriangle_solid.ubulk" 521
"../../../Engine/Plugins/Animation/ControlRig/Content/Controls/ControlRig_RoundedTriangle_solid.uasset" 522
"../../../Engine/Plugins/Animation/ControlRig/Content/Controls/ControlRig_RoundedTriangle_solid.uexp" 523
"../../../Engine/Plugins/Animation/ControlRig/Content/Controls/ControlRig_RoundedTriangle_3mm.ubulk" 524
"../../../Engine/Plugins/Animation/ControlRig/Content/Controls/ControlRig_RoundedTriangle_3mm.uasset" 525
"../../../Engine/Plugins/Animation/ControlRig/Content/Controls/ControlRig_RoundedTriangle_3mm.uexp" 526
"../../../Engine/Plugins/Animation/ControlRig/Content/Controls/ControlRig_RoundedTriangle_1mm.ubulk" 527
"../../../Engine/Plugins/Animation/ControlRig/Content/Controls/ControlRig_RoundedTriangle_1mm.uasset" 528
"../../../Engine/Plugins/Animation/ControlRig/Content/Controls/ControlRig_RoundedTriangle_1mm.uexp" 529
"../../../Engine/Plugins/Animation/ControlRig/Content/Controls/ControlRig_RoundedSquare_solid.ubulk" 530
"../../../Engine/Plugins/Animation/ControlRig/Content/Controls/ControlRig_RoundedSquare_solid.uasset" 531
"../../../Engine/Plugins/Animation/ControlRig/Content/Controls/ControlRig_RoundedSquare_solid.uexp" 532
"../../../Engine/Plugins/Animation/ControlRig/Content/Controls/ControlRig_RoundedSquare_3mm.ubulk" 533
"../../../Engine/Plugins/Animation/ControlRig/Content/Controls/ControlRig_RoundedSquare_3mm.uasset" 534
"../../../Engine/Plugins/Animation/ControlRig/Content/Controls/ControlRig_RoundedSquare_3mm.uexp" 535
"../../../Engine/Plugins/Animation/ControlRig/Content/Controls/ControlRig_RoundedSquare_1mm.ubulk" 536
"../../../Engine/Plugins/Animation/ControlRig/Content/Controls/ControlRig_RoundedSquare_1mm.uasset" 537
"../../../Engine/Plugins/Animation/ControlRig/Content/Controls/ControlRig_RoundedSquare_1mm.uexp" 538
"../../../Engine/Plugins/Animation/ControlRig/Content/Controls/ControlRig_QuarterCircle_solid.ubulk" 539
"../../../Engine/Plugins/Animation/ControlRig/Content/Controls/ControlRig_QuarterCircle_solid.uasset" 540
"../../../Engine/Plugins/Animation/ControlRig/Content/Controls/ControlRig_QuarterCircle_solid.uexp" 541
"../../../Engine/Plugins/Animation/ControlRig/Content/Controls/ControlRig_QuarterCircle_3mm.ubulk" 542
"../../../Engine/Plugins/Animation/ControlRig/Content/Controls/ControlRig_QuarterCircle_3mm.uasset" 543
"../../../Engine/Plugins/Animation/ControlRig/Content/Controls/ControlRig_QuarterCircle_3mm.uexp" 544
"../../../Engine/Plugins/Animation/ControlRig/Content/Controls/ControlRig_QuarterCircle_1mm.ubulk" 545
"../../../Engine/Plugins/Animation/ControlRig/Content/Controls/ControlRig_QuarterCircle_1mm.uasset" 546
"../../../Engine/Plugins/Animation/ControlRig/Content/Controls/ControlRig_QuarterCircle_1mm.uexp" 547
"../../../Engine/Plugins/Animation/ControlRig/Content/Controls/ControlRig_Pyramid_solid.ubulk" 548
"../../../Engine/Plugins/Animation/ControlRig/Content/Controls/ControlRig_Pyramid_solid.uasset" 549
"../../../Engine/Plugins/Animation/ControlRig/Content/Controls/ControlRig_Pyramid_solid.uexp" 550
"../../../Engine/Plugins/Animation/ControlRig/Content/Controls/ControlRig_Pyramid_3mm.ubulk" 551
"../../../Engine/Plugins/Animation/ControlRig/Content/Controls/ControlRig_Pyramid_3mm.uasset" 552
"../../../Engine/Plugins/Animation/ControlRig/Content/Controls/ControlRig_Pyramid_3mm.uexp" 553
"../../../Engine/Plugins/Animation/ControlRig/Content/Controls/ControlRig_Pyramid_1mm.ubulk" 554
"../../../Engine/Plugins/Animation/ControlRig/Content/Controls/ControlRig_Pyramid_1mm.uasset" 555
"../../../Engine/Plugins/Animation/ControlRig/Content/Controls/ControlRig_Pyramid_1mm.uexp" 556
"../../../Engine/Plugins/Animation/ControlRig/Content/Controls/ControlRig_Octagon_solid.ubulk" 557
"../../../Engine/Plugins/Animation/ControlRig/Content/Controls/ControlRig_Octagon_solid.uasset" 558
"../../../Engine/Plugins/Animation/ControlRig/Content/Controls/ControlRig_Octagon_solid.uexp" 559
"../../../Engine/Plugins/Animation/ControlRig/Content/Controls/ControlRig_Octagon_3mm.ubulk" 560
"../../../Engine/Plugins/Animation/ControlRig/Content/Controls/ControlRig_Octagon_3mm.uasset" 561
"../../../Engine/Plugins/Animation/ControlRig/Content/Controls/ControlRig_Octagon_3mm.uexp" 562
"../../../Engine/Plugins/Animation/ControlRig/Content/Controls/ControlRig_Octagon_1mm.ubulk" 563
"../../../Engine/Plugins/Animation/ControlRig/Content/Controls/ControlRig_Octagon_1mm.uasset" 564
"../../../Engine/Plugins/Animation/ControlRig/Content/Controls/ControlRig_Octagon_1mm.uexp" 565
"../../../Engine/Plugins/Animation/ControlRig/Content/Controls/ControlRig_Hexagon_solid.ubulk" 566
"../../../Engine/Plugins/Animation/ControlRig/Content/Controls/ControlRig_Hexagon_solid.uasset" 567
"../../../Engine/Plugins/Animation/ControlRig/Content/Controls/ControlRig_Hexagon_solid.uexp" 568
"../../../Engine/Plugins/Animation/ControlRig/Content/Controls/ControlRig_Hexagon_3mm.ubulk" 569
"../../../Engine/Plugins/Animation/ControlRig/Content/Controls/ControlRig_Hexagon_3mm.uasset" 570
"../../../Engine/Plugins/Animation/ControlRig/Content/Controls/ControlRig_Hexagon_3mm.uexp" 571
"../../../Engine/Plugins/Animation/ControlRig/Content/Controls/ControlRig_Hexagon_1mm.ubulk" 572
"../../../Engine/Plugins/Animation/ControlRig/Content/Controls/ControlRig_Hexagon_1mm.uasset" 573
"../../../Engine/Plugins/Animation/ControlRig/Content/Controls/ControlRig_Hexagon_1mm.uexp" 574
"../../../Engine/Plugins/Animation/ControlRig/Content/Controls/ControlRig_HalfCircle_solid.ubulk" 575
"../../../Engine/Plugins/Animation/ControlRig/Content/Controls/ControlRig_HalfCircle_solid.uasset" 576
"../../../Engine/Plugins/Animation/ControlRig/Content/Controls/ControlRig_HalfCircle_solid.uexp" 577
"../../../Engine/Plugins/Animation/ControlRig/Content/Controls/ControlRig_HalfCircle_3mm.ubulk" 578
"../../../Engine/Plugins/Animation/ControlRig/Content/Controls/ControlRig_HalfCircle_3mm.uasset" 579
"../../../Engine/Plugins/Animation/ControlRig/Content/Controls/ControlRig_HalfCircle_3mm.uexp" 580
"../../../Engine/Plugins/Animation/ControlRig/Content/Controls/ControlRig_HalfCircle_1mm.ubulk" 581
"../../../Engine/Plugins/Animation/ControlRig/Content/Controls/ControlRig_HalfCircle_1mm.uasset" 582
"../../../Engine/Plugins/Animation/ControlRig/Content/Controls/ControlRig_HalfCircle_1mm.uexp" 583
"../../../Engine/Plugins/Animation/ControlRig/Content/Controls/ControlRig_Diamond_solid.ubulk" 584
"../../../Engine/Plugins/Animation/ControlRig/Content/Controls/ControlRig_Diamond_solid.uasset" 585
"../../../Engine/Plugins/Animation/ControlRig/Content/Controls/ControlRig_Diamond_solid.uexp" 586
"../../../Engine/Plugins/Animation/ControlRig/Content/Controls/ControlRig_Diamond_3mm.ubulk" 587
"../../../Engine/Plugins/Animation/ControlRig/Content/Controls/ControlRig_Diamond_3mm.uasset" 588
"../../../Engine/Plugins/Animation/ControlRig/Content/Controls/ControlRig_Diamond_3mm.uexp" 589
"../../../Engine/Plugins/Animation/ControlRig/Content/Controls/ControlRig_Diamond_1mm.ubulk" 590
"../../../Engine/Plugins/Animation/ControlRig/Content/Controls/ControlRig_Diamond_1mm.uasset" 591
"../../../Engine/Plugins/Animation/ControlRig/Content/Controls/ControlRig_Diamond_1mm.uexp" 592
"../../../Engine/Plugins/Animation/ControlRig/Content/Controls/ControlRig_Circle_solid.ubulk" 593
"../../../Engine/Plugins/Animation/ControlRig/Content/Controls/ControlRig_Circle_solid.uasset" 594
"../../../Engine/Plugins/Animation/ControlRig/Content/Controls/ControlRig_Circle_solid.uexp" 595
"../../../Engine/Plugins/Animation/ControlRig/Content/Controls/ControlRig_Circle_3mm.ubulk" 596
"../../../Engine/Plugins/Animation/ControlRig/Content/Controls/ControlRig_Circle_3mm.uasset" 597
"../../../Engine/Plugins/Animation/ControlRig/Content/Controls/ControlRig_Circle_3mm.uexp" 598
"../../../Engine/Plugins/Animation/ControlRig/Content/Controls/ControlRig_Circle_1mm.ubulk" 599
"../../../Engine/Plugins/Animation/ControlRig/Content/Controls/ControlRig_Circle_1mm.uasset" 600
"../../../Engine/Plugins/Animation/ControlRig/Content/Controls/ControlRig_Circle_1mm.uexp" 601
"../../../Engine/Plugins/Animation/ControlRig/Content/Controls/ControlRig_Box_solid.ubulk" 602
"../../../Engine/Plugins/Animation/ControlRig/Content/Controls/ControlRig_Box_solid.uasset" 603
"../../../Engine/Plugins/Animation/ControlRig/Content/Controls/ControlRig_Box_solid.uexp" 604
"../../../Engine/Plugins/Animation/ControlRig/Content/Controls/ControlRig_Box_3mm.ubulk" 605
"../../../Engine/Plugins/Animation/ControlRig/Content/Controls/ControlRig_Box_3mm.uasset" 606
"../../../Engine/Plugins/Animation/ControlRig/Content/Controls/ControlRig_Box_3mm.uexp" 607
"../../../Engine/Plugins/Animation/ControlRig/Content/Controls/ControlRig_Box_1mm.ubulk" 608
"../../../Engine/Plugins/Animation/ControlRig/Content/Controls/ControlRig_Box_1mm.uasset" 609
"../../../Engine/Plugins/Animation/ControlRig/Content/Controls/ControlRig_Box_1mm.uexp" 610
"../../../Engine/Plugins/Animation/ControlRig/Content/Controls/ControlRig_Arrow_solid.ubulk" 611
"../../../Engine/Plugins/Animation/ControlRig/Content/Controls/ControlRig_Arrow_solid.uasset" 612
"../../../Engine/Plugins/Animation/ControlRig/Content/Controls/ControlRig_Arrow_solid.uexp" 613
"../../../Engine/Plugins/Animation/ControlRig/Content/Controls/ControlRig_Arrow_3mm.ubulk" 614
"../../../Engine/Plugins/Animation/ControlRig/Content/Controls/ControlRig_Arrow_3mm.uasset" 615
"../../../Engine/Plugins/Animation/ControlRig/Content/Controls/ControlRig_Arrow_3mm.uexp" 616
"../../../Engine/Plugins/Animation/ControlRig/Content/Controls/ControlRig_Arrow_1mm.ubulk" 617
"../../../Engine/Plugins/Animation/ControlRig/Content/Controls/ControlRig_Arrow_1mm.uasset" 618
"../../../Engine/Plugins/Animation/ControlRig/Content/Controls/ControlRig_Arrow_1mm.uexp" 619
"../../../Engine/Plugins/Animation/ControlRig/Content/Controls/ControlRig_Arrow4_solid.ubulk" 620
"../../../Engine/Plugins/Animation/ControlRig/Content/Controls/ControlRig_Arrow4_solid.uasset" 621
"../../../Engine/Plugins/Animation/ControlRig/Content/Controls/ControlRig_Arrow4_solid.uexp" 622
"../../../Engine/Plugins/Animation/ControlRig/Content/Controls/ControlRig_Arrow4_3mm.ubulk" 623
"../../../Engine/Plugins/Animation/ControlRig/Content/Controls/ControlRig_Arrow4_3mm.uasset" 624
"../../../Engine/Plugins/Animation/ControlRig/Content/Controls/ControlRig_Arrow4_3mm.uexp" 625
"../../../Engine/Plugins/Animation/ControlRig/Content/Controls/ControlRig_Arrow4_1mm.ubulk" 626
"../../../Engine/Plugins/Animation/ControlRig/Content/Controls/ControlRig_Arrow4_1mm.uasset" 627
"../../../Engine/Plugins/Animation/ControlRig/Content/Controls/ControlRig_Arrow4_1mm.uexp" 628
"../../../Engine/Plugins/Animation/ControlRig/Content/Controls/ControlRig_Arrow2_solid.ubulk" 629
"../../../Engine/Plugins/Animation/ControlRig/Content/Controls/ControlRig_Arrow2_solid.uasset" 630
"../../../Engine/Plugins/Animation/ControlRig/Content/Controls/ControlRig_Arrow2_solid.uexp" 631
"../../../Engine/Plugins/Animation/ControlRig/Content/Controls/ControlRig_Arrow2_3mm.ubulk" 632
"../../../Engine/Plugins/Animation/ControlRig/Content/Controls/ControlRig_Arrow2_3mm.uasset" 633
"../../../Engine/Plugins/Animation/ControlRig/Content/Controls/ControlRig_Arrow2_3mm.uexp" 634
"../../../Engine/Plugins/Animation/ControlRig/Content/Controls/ControlRig_Arrow2_1mm.ubulk" 635
"../../../Engine/Plugins/Animation/ControlRig/Content/Controls/ControlRig_Arrow2_1mm.uasset" 636
"../../../Engine/Plugins/Animation/ControlRig/Content/Controls/ControlRig_Arrow2_1mm.uexp" 637
"../../../Engine/Content/EditorMaterials/Camera/CineMat.uasset" 638
"../../../Engine/Content/EditorMaterials/Camera/CineMat.uexp" 639
"../../../Engine/Content/EditorMaterials/Camera/MI_CineMat_Rig.uasset" 640
"../../../Engine/Content/EditorMaterials/Camera/MI_CineMat_Rig.uexp" 641
"../../../Engine/Content/EditorMeshes/Camera/SM_RailRig_Track.ubulk" 642
"../../../Engine/Content/EditorMeshes/Camera/SM_RailRig_Track.uasset" 643
"../../../Engine/Content/EditorMeshes/Camera/SM_RailRig_Track.uexp" 644
"../../../Engine/Content/EditorMeshes/Camera/SM_RailRig_Mount.ubulk" 645
"../../../Engine/Content/EditorMeshes/Camera/SM_RailRig_Mount.uasset" 646
"../../../Engine/Content/EditorMeshes/Camera/SM_RailRig_Mount.uexp" 647
"../../../Engine/Content/EditorMeshes/Camera/SM_CraneRig_Mount.ubulk" 648
"../../../Engine/Content/EditorMeshes/Camera/SM_CraneRig_Mount.uasset" 649
"../../../Engine/Content/EditorMeshes/Camera/SM_CraneRig_Mount.uexp" 650
"../../../Engine/Content/EditorMeshes/Camera/SM_CraneRig_Body.ubulk" 651
"../../../Engine/Content/EditorMeshes/Camera/SM_CraneRig_Body.uasset" 652
"../../../Engine/Content/EditorMeshes/Camera/SM_CraneRig_Body.uexp" 653
"../../../Engine/Content/EditorMeshes/Camera/SM_CraneRig_Base.ubulk" 654
"../../../Engine/Content/EditorMeshes/Camera/SM_CraneRig_Base.uasset" 655
"../../../Engine/Content/EditorMeshes/Camera/SM_CraneRig_Base.uexp" 656
"../../../Engine/Content/EditorMeshes/Camera/SM_CraneRig_Arm.ubulk" 657
"../../../Engine/Content/EditorMeshes/Camera/SM_CraneRig_Arm.uasset" 658
"../../../Engine/Content/EditorMeshes/Camera/SM_CraneRig_Arm.uexp" 659
"../../../Engine/Content/VREditor/TransformGizmo/Xray.uasset" 660
"../../../Engine/Content/VREditor/TransformGizmo/Xray.uexp" 661
"../../../Engine/Content/VREditor/TransformGizmo/Main.uasset" 662
"../../../Engine/Content/VREditor/TransformGizmo/Main.uexp" 663
"../../../Engine/Content/VREditor/TransformGizmo/SM_Sequencer_Node.ubulk" 664
"../../../Engine/Content/VREditor/TransformGizmo/SM_Sequencer_Node.uasset" 665
"../../../Engine/Content/VREditor/TransformGizmo/SM_Sequencer_Node.uexp" 666
"../../../Engine/Content/VREditor/TransformGizmo/TranslucentTransformGizmoMaterial.uasset" 667
"../../../Engine/Content/VREditor/TransformGizmo/TranslucentTransformGizmoMaterial.uexp" 668
"../../../Engine/Content/VREditor/LaserPointer/VR_LaserPower_01.ubulk" 669
"../../../Engine/Content/VREditor/LaserPointer/VR_LaserPower_01.uasset" 670
"../../../Engine/Content/VREditor/LaserPointer/VR_LaserPower_01.uexp" 671
"../../../Engine/Content/VREditor/TransformGizmo/TransformGizmoMaterial.uasset" 672
"../../../Engine/Content/VREditor/TransformGizmo/TransformGizmoMaterial.uexp" 673
"../../../Engine/Content/VREditor/TransformGizmo/BoundingBoxEdge.ubulk" 674
"../../../Engine/Content/VREditor/TransformGizmo/BoundingBoxEdge.uasset" 675
"../../../Engine/Content/VREditor/TransformGizmo/BoundingBoxEdge.uexp" 676
"../../../Engine/Content/VREditor/TransformGizmo/BoundingBoxCorner.ubulk" 677
"../../../Engine/Content/VREditor/TransformGizmo/BoundingBoxCorner.uasset" 678
"../../../Engine/Content/VREditor/TransformGizmo/BoundingBoxCorner.uexp" 679
"../../../Engine/Content/ArtTools/RenderToTexture/Meshes/S_1_Unit_Plane.ubulk" 680
"../../../Engine/Content/ArtTools/RenderToTexture/Meshes/S_1_Unit_Plane.uasset" 681
"../../../Engine/Content/ArtTools/RenderToTexture/Meshes/S_1_Unit_Plane.uexp" 682
"../../../Engine/Content/EngineResources/DefaultTextureCube.uasset" 683
"../../../Engine/Content/EngineResources/DefaultTextureCube.uexp" 684
"../../../Engine/Content/EngineResources/DefaultVolumeTexture2D.uasset" 685
"../../../Engine/Content/EngineResources/DefaultVolumeTexture2D.uexp" 686
"../../../Engine/Content/EngineResources/DefaultVolumeTexture.uasset" 687
"../../../Engine/Content/EngineResources/DefaultVolumeTexture.uexp" 688
"../../../Engine/Plugins/2D/Paper2D/Content/DefaultSpriteMaterial.uasset" 689
"../../../Engine/Plugins/2D/Paper2D/Content/DefaultSpriteMaterial.uexp" 690
"../../../Engine/Plugins/2D/Paper2D/Content/OpaqueUnlitSpriteMaterial.uasset" 691
"../../../Engine/Plugins/2D/Paper2D/Content/OpaqueUnlitSpriteMaterial.uexp" 692
"../../../Engine/Plugins/2D/Paper2D/Content/MaskedUnlitSpriteMaterial.uasset" 693
"../../../Engine/Plugins/2D/Paper2D/Content/MaskedUnlitSpriteMaterial.uexp" 694
"../../../Engine/Plugins/NNE/NNEDenoiser/Content/NNE_oidn2-3-0_rt_hdr_calb_cnrm_large__dyn__fp16_opset11_ForwardAlpha.uasset" 695
"../../../Engine/Plugins/NNE/NNEDenoiser/Content/NNE_oidn2-3-0_rt_hdr_calb_cnrm_large__dyn__fp16_opset11_ForwardAlpha.uexp" 696
"../../../Engine/Plugins/NNE/NNEDenoiser/Content/NNE_oidn2-3-0_rt_hdr_calb_cnrm_large__dyn__fp16_opset11_DenoiseAlpha.uasset" 697
"../../../Engine/Plugins/NNE/NNEDenoiser/Content/NNE_oidn2-3-0_rt_hdr_calb_cnrm_large__dyn__fp16_opset11_DenoiseAlpha.uexp" 698
"../../../Engine/Plugins/NNE/NNEDenoiser/Content/NNE_oidn2-3-0_rt_hdr_alb_nrm__dyn__fp16_opset11_ForwardAlpha.uasset" 699
"../../../Engine/Plugins/NNE/NNEDenoiser/Content/NNE_oidn2-3-0_rt_hdr_alb_nrm__dyn__fp16_opset11_ForwardAlpha.uexp" 700
"../../../Engine/Plugins/NNE/NNEDenoiser/Content/NNE_oidn2-3-0_rt_hdr_alb_nrm__dyn__fp16_opset11_DenoiseAlpha.uasset" 701
"../../../Engine/Plugins/NNE/NNEDenoiser/Content/NNE_oidn2-3-0_rt_hdr_alb_nrm__dyn__fp16_opset11_DenoiseAlpha.uexp" 702
"../../../Engine/Plugins/NNE/NNEDenoiser/Content/NNE_oidn2-3-0_rt_hdr_alb_nrm_small__dyn__fp16_opset11_ForwardAlpha.uasset" 703
"../../../Engine/Plugins/NNE/NNEDenoiser/Content/NNE_oidn2-3-0_rt_hdr_alb_nrm_small__dyn__fp16_opset11_ForwardAlpha.uexp" 704
"../../../Engine/Plugins/NNE/NNEDenoiser/Content/NNE_oidn2-3-0_rt_hdr_alb_nrm_small__dyn__fp16_opset11_DenoiseAlpha.uasset" 705
"../../../Engine/Plugins/NNE/NNEDenoiser/Content/NNE_oidn2-3-0_rt_hdr_alb_nrm_small__dyn__fp16_opset11_DenoiseAlpha.uexp" 706
"../../../Engine/Content/Functions/Engine_MaterialFunctions03/Math/WithinRangeFloat2.uasset" 707
"../../../Engine/Content/Functions/Engine_MaterialFunctions03/Math/WithinRangeFloat2.uexp" 708
"../../../Engine/Content/EditorLandscapeResources/SelectBrushMaterial.uasset" 709
"../../../Engine/Content/EditorLandscapeResources/SelectBrushMaterial.uexp" 710
"../../../Engine/Content/EditorLandscapeResources/SelectBrushMaterial_SelectedRegion.uasset" 711
"../../../Engine/Content/EditorLandscapeResources/SelectBrushMaterial_SelectedRegion.uexp" 712
"../../../Engine/Content/EditorLandscapeResources/SelectBrushMaterial_Selected.uasset" 713
"../../../Engine/Content/EditorLandscapeResources/SelectBrushMaterial_Selected.uexp" 714
"../../../Engine/Content/EditorLandscapeResources/MaskBrushMaterial.uasset" 715
"../../../Engine/Content/EditorLandscapeResources/MaskBrushMaterial.uexp" 716
"../../../Engine/Content/EditorLandscapeResources/MaskBrushMaterial_MaskedRegion.uasset" 717
"../../../Engine/Content/EditorLandscapeResources/MaskBrushMaterial_MaskedRegion.uexp" 718
"../../../Engine/Content/EditorLandscapeResources/ColorMaskBrushMaterial.uasset" 719
"../../../Engine/Content/EditorLandscapeResources/ColorMaskBrushMaterial.uexp" 720
"../../../Engine/Content/EditorLandscapeResources/ColorMaskBrushMaterial_MaskedRegion.uasset" 721
"../../../Engine/Content/EditorLandscapeResources/ColorMaskBrushMaterial_MaskedRegion.uexp" 722
"../../../Engine/Content/EngineResources/WhiteSquareTexture.uasset" 723
"../../../Engine/Content/EngineResources/WhiteSquareTexture.uexp" 724
"../../../Engine/Content/EngineMaterials/Widget3DPassThrough.uasset" 725
"../../../Engine/Content/EngineMaterials/Widget3DPassThrough.uexp" 726
"../../../Engine/Content/EngineMaterials/Widget3DPassThrough_Translucent.uasset" 727
"../../../Engine/Content/EngineMaterials/Widget3DPassThrough_Translucent.uexp" 728
"../../../Engine/Content/EngineMaterials/Widget3DPassThrough_Translucent_OneSided.uasset" 729
"../../../Engine/Content/EngineMaterials/Widget3DPassThrough_Translucent_OneSided.uexp" 730
"../../../Engine/Content/EngineMaterials/Widget3DPassThrough_Opaque.uasset" 731
"../../../Engine/Content/EngineMaterials/Widget3DPassThrough_Opaque.uexp" 732
"../../../Engine/Content/EngineMaterials/Widget3DPassThrough_Opaque_OneSided.uasset" 733
"../../../Engine/Content/EngineMaterials/Widget3DPassThrough_Opaque_OneSided.uexp" 734
"../../../Engine/Content/EngineMaterials/Widget3DPassThrough_Masked_OneSided.uasset" 735
"../../../Engine/Content/EngineMaterials/Widget3DPassThrough_Masked_OneSided.uexp" 736
"../../../Engine/Content/EngineMaterials/Widget3DPassThrough_Masked.uasset" 737
"../../../Engine/Content/EngineMaterials/Widget3DPassThrough_Masked.uexp" 738
"../../../Engine/Content/EngineMaterials/WeightMapPlaceholderTexture.uasset" 739
"../../../Engine/Content/EngineMaterials/WeightMapPlaceholderTexture.uexp" 740
"../../../Engine/Content/EngineMaterials/WeightMapArrayPlaceholderTexture.uasset" 741
"../../../Engine/Content/EngineMaterials/WeightMapArrayPlaceholderTexture.uexp" 742
"../../../Engine/Plugins/Interchange/Assets/Content/gltf/Textures/T_White_srgb.uasset" 743
"../../../Engine/Plugins/Interchange/Assets/Content/gltf/Textures/T_White_srgb.uexp" 744
"../../../Engine/Plugins/Interchange/Assets/Content/gltf/MaterialFunctions/MF_BaseColor.uasset" 745
"../../../Engine/Plugins/Interchange/Assets/Content/gltf/MaterialFunctions/MF_BaseColor.uexp" 746
"../../../Engine/Plugins/Interchange/Assets/Content/gltf/MaterialFunctions/MF_RotateV2.uasset" 747
"../../../Engine/Plugins/Interchange/Assets/Content/gltf/MaterialFunctions/MF_RotateV2.uexp" 748
"../../../Engine/Plugins/Interchange/Assets/Content/gltf/MaterialFunctions/MF_TransformUVs.uasset" 749
"../../../Engine/Plugins/Interchange/Assets/Content/gltf/MaterialFunctions/MF_TransformUVs.uexp" 750
"../../../Engine/Plugins/Interchange/Assets/Content/gltf/MaterialBodies/MF_Unlit_Body.uasset" 751
"../../../Engine/Plugins/Interchange/Assets/Content/gltf/MaterialBodies/MF_Unlit_Body.uexp" 752
"../../../Engine/Plugins/Interchange/Assets/Content/gltf/M_Unlit.uasset" 753
"../../../Engine/Plugins/Interchange/Assets/Content/gltf/M_Unlit.uexp" 754
"../../../Engine/Plugins/Interchange/Assets/Content/gltf/MaterialInstances/MI_Unlit_Opaque_DS.uasset" 755
"../../../Engine/Plugins/Interchange/Assets/Content/gltf/MaterialInstances/MI_Unlit_Opaque_DS.uexp" 756
"../../../Engine/Plugins/Interchange/Assets/Content/gltf/MaterialInstances/MI_Unlit_Opaque.uasset" 757
"../../../Engine/Plugins/Interchange/Assets/Content/gltf/MaterialInstances/MI_Unlit_Opaque.uexp" 758
"../../../Engine/Plugins/Interchange/Assets/Content/gltf/MaterialInstances/MI_Unlit_Mask_DS.uasset" 759
"../../../Engine/Plugins/Interchange/Assets/Content/gltf/MaterialInstances/MI_Unlit_Mask_DS.uexp" 760
"../../../Engine/Plugins/Interchange/Assets/Content/gltf/MaterialInstances/MI_Unlit_Mask.uasset" 761
"../../../Engine/Plugins/Interchange/Assets/Content/gltf/MaterialInstances/MI_Unlit_Mask.uexp" 762
"../../../Engine/Plugins/Interchange/Assets/Content/gltf/MaterialInstances/MI_Unlit_Blend_DS.uasset" 763
"../../../Engine/Plugins/Interchange/Assets/Content/gltf/MaterialInstances/MI_Unlit_Blend_DS.uexp" 764
"../../../Engine/Plugins/Interchange/Assets/Content/gltf/MaterialInstances/MI_Unlit_Blend.uasset" 765
"../../../Engine/Plugins/Interchange/Assets/Content/gltf/MaterialInstances/MI_Unlit_Blend.uexp" 766
"../../../Engine/Content/EngineMaterials/Good64x64TilingNoiseHighFreq.uasset" 767
"../../../Engine/Content/EngineMaterials/Good64x64TilingNoiseHighFreq.uexp" 768
"../../../Engine/Content/Functions/Engine_MaterialFunctions02/Texturing/ScreenAlignedPixelToPixelUVs.uasset" 769
"../../../Engine/Content/Functions/Engine_MaterialFunctions02/Texturing/ScreenAlignedPixelToPixelUVs.uexp" 770
"../../../Engine/Plugins/Interchange/Assets/Content/Utilities/New_LUT.uasset" 771
"../../../Engine/Plugins/Interchange/Assets/Content/Utilities/New_LUT.uexp" 772
"../../../Engine/Content/Functions/Engine_MaterialFunctions03/Math/RemapValueRange.uasset" 773
"../../../Engine/Content/Functions/Engine_MaterialFunctions03/Math/RemapValueRange.uexp" 774
"../../../Engine/Plugins/Interchange/Assets/Content/Functions/MF_Iridescence.uasset" 775
"../../../Engine/Plugins/Interchange/Assets/Content/Functions/MF_Iridescence.uexp" 776
"../../../Engine/Plugins/Interchange/Assets/Content/gltf/MaterialFunctions/MF_Fresnel_DS.uasset" 777
"../../../Engine/Plugins/Interchange/Assets/Content/gltf/MaterialFunctions/MF_Fresnel_DS.uexp" 778
"../../../Engine/Plugins/Interchange/Assets/Content/gltf/MaterialFunctions/MF_IOR.uasset" 779
"../../../Engine/Plugins/Interchange/Assets/Content/gltf/MaterialFunctions/MF_IOR.uexp" 780
"../../../Engine/Plugins/Interchange/Assets/Content/gltf/MaterialFunctions/MF_Iridescence.uasset" 781
"../../../Engine/Plugins/Interchange/Assets/Content/gltf/MaterialFunctions/MF_Iridescence.uexp" 782
"../../../Engine/Plugins/Interchange/Assets/Content/gltf/Textures/T_White_Linear.uasset" 783
"../../../Engine/Plugins/Interchange/Assets/Content/gltf/Textures/T_White_Linear.uexp" 784
"../../../Engine/Plugins/Interchange/Assets/Content/gltf/MaterialFunctions/MF_MetallicRoughness.uasset" 785
"../../../Engine/Plugins/Interchange/Assets/Content/gltf/MaterialFunctions/MF_MetallicRoughness.uexp" 786
"../../../Engine/Content/Functions/Engine_MaterialFunctions02/Math/Transform3x3Matrix.uasset" 787
"../../../Engine/Content/Functions/Engine_MaterialFunctions02/Math/Transform3x3Matrix.uexp" 788
"../../../Engine/Plugins/Interchange/Assets/Content/gltf/MaterialFunctions/MF_RotateNormals_TS.uasset" 789
"../../../Engine/Plugins/Interchange/Assets/Content/gltf/MaterialFunctions/MF_RotateNormals_TS.uexp" 790
"../../../Engine/Plugins/Interchange/Assets/Content/gltf/MaterialFunctions/MF_ScaleNormal.uasset" 791
"../../../Engine/Plugins/Interchange/Assets/Content/gltf/MaterialFunctions/MF_ScaleNormal.uexp" 792
"../../../Engine/Plugins/Interchange/Assets/Content/gltf/Textures/T_Generic_N.uasset" 793
"../../../Engine/Plugins/Interchange/Assets/Content/gltf/Textures/T_Generic_N.uexp" 794
"../../../Engine/Plugins/Interchange/Assets/Content/gltf/MaterialFunctions/MF_Normals.uasset" 795
"../../../Engine/Plugins/Interchange/Assets/Content/gltf/MaterialFunctions/MF_Normals.uexp" 796
"../../../Engine/Plugins/Interchange/Assets/Content/gltf/MaterialFunctions/MF_Occlusion.uasset" 797
"../../../Engine/Plugins/Interchange/Assets/Content/gltf/MaterialFunctions/MF_Occlusion.uexp" 798
"../../../Engine/Plugins/Interchange/Assets/Content/gltf/MaterialFunctions/MF_Specular.uasset" 799
"../../../Engine/Plugins/Interchange/Assets/Content/gltf/MaterialFunctions/MF_Specular.uexp" 800
"../../../Engine/Plugins/Interchange/Assets/Content/gltf/Textures/T_Anisotropy_Direction_Linear.uasset" 801
"../../../Engine/Plugins/Interchange/Assets/Content/gltf/Textures/T_Anisotropy_Direction_Linear.uexp" 802
"../../../Engine/Plugins/Interchange/Assets/Content/gltf/MaterialFunctions/MF_SpecularAnisotropy.uasset" 803
"../../../Engine/Plugins/Interchange/Assets/Content/gltf/MaterialFunctions/MF_SpecularAnisotropy.uexp" 804
"../../../Engine/Plugins/Interchange/Assets/Content/gltf/MaterialFunctions/MF_Temporal_Blur.uasset" 805
"../../../Engine/Plugins/Interchange/Assets/Content/gltf/MaterialFunctions/MF_Temporal_Blur.uexp" 806
"../../../Engine/Plugins/Interchange/Assets/Content/gltf/MaterialFunctions/MF_Transmission.uasset" 807
"../../../Engine/Plugins/Interchange/Assets/Content/gltf/MaterialFunctions/MF_Transmission.uexp" 808
"../../../Engine/Plugins/Interchange/Assets/Content/gltf/MaterialBodies/MF_Transmission_Body.uasset" 809
"../../../Engine/Plugins/Interchange/Assets/Content/gltf/MaterialBodies/MF_Transmission_Body.uexp" 810
"../../../Engine/Plugins/Interchange/Assets/Content/gltf/M_Transmission.uasset" 811
"../../../Engine/Plugins/Interchange/Assets/Content/gltf/M_Transmission.uexp" 812
"../../../Engine/Plugins/Interchange/Assets/Content/gltf/MaterialInstances/MI_Transmission_DS.uasset" 813
"../../../Engine/Plugins/Interchange/Assets/Content/gltf/MaterialInstances/MI_Transmission_DS.uexp" 814
"../../../Engine/Plugins/Interchange/Assets/Content/gltf/MaterialInstances/MI_Transmission.uasset" 815
"../../../Engine/Plugins/Interchange/Assets/Content/gltf/MaterialInstances/MI_Transmission.uexp" 816
"../../../Engine/Content/Functions/Engine_MaterialFunctions02/Math/AddComponents.uasset" 817
"../../../Engine/Content/Functions/Engine_MaterialFunctions02/Math/AddComponents.uexp" 818
"../../../Engine/Plugins/Interchange/Assets/Content/gltf/MaterialFunctions/MF_DiffuseSpecGloss.uasset" 819
"../../../Engine/Plugins/Interchange/Assets/Content/gltf/MaterialFunctions/MF_DiffuseSpecGloss.uexp" 820
"../../../Engine/Plugins/Interchange/Assets/Content/gltf/MaterialFunctions/MF_Emissive.uasset" 821
"../../../Engine/Plugins/Interchange/Assets/Content/gltf/MaterialFunctions/MF_Emissive.uexp" 822
"../../../Engine/Plugins/Interchange/Assets/Content/gltf/MaterialFunctions/MF_MaxComponentValue.uasset" 823
"../../../Engine/Plugins/Interchange/Assets/Content/gltf/MaterialFunctions/MF_MaxComponentValue.uexp" 824
"../../../Engine/Plugins/Interchange/Assets/Content/gltf/MaterialFunctions/MF_PerceivedBrightness.uasset" 825
"../../../Engine/Plugins/Interchange/Assets/Content/gltf/MaterialFunctions/MF_PerceivedBrightness.uexp" 826
"../../../Engine/Plugins/Interchange/Assets/Content/gltf/MaterialFunctions/MF_SpecGlossToMetalRoughness.uasset" 827
"../../../Engine/Plugins/Interchange/Assets/Content/gltf/MaterialFunctions/MF_SpecGlossToMetalRoughness.uexp" 828
"../../../Engine/Plugins/Interchange/Assets/Content/gltf/MaterialBodies/MF_SpecularGlossiness_Body.uasset" 829
"../../../Engine/Plugins/Interchange/Assets/Content/gltf/MaterialBodies/MF_SpecularGlossiness_Body.uexp" 830
"../../../Engine/Plugins/Interchange/Assets/Content/gltf/M_SpecularGlossiness.uasset" 831
"../../../Engine/Plugins/Interchange/Assets/Content/gltf/M_SpecularGlossiness.uexp" 832
"../../../Engine/Plugins/Interchange/Assets/Content/gltf/MaterialInstances/MI_SpecularGlossiness_Opaque_DS.uasset" 833
"../../../Engine/Plugins/Interchange/Assets/Content/gltf/MaterialInstances/MI_SpecularGlossiness_Opaque_DS.uexp" 834
"../../../Engine/Plugins/Interchange/Assets/Content/gltf/MaterialInstances/MI_SpecularGlossiness_Opaque.uasset" 835
"../../../Engine/Plugins/Interchange/Assets/Content/gltf/MaterialInstances/MI_SpecularGlossiness_Opaque.uexp" 836
"../../../Engine/Plugins/Interchange/Assets/Content/gltf/MaterialInstances/MI_SpecularGlossiness_Mask_DS.uasset" 837
"../../../Engine/Plugins/Interchange/Assets/Content/gltf/MaterialInstances/MI_SpecularGlossiness_Mask_DS.uexp" 838
"../../../Engine/Plugins/Interchange/Assets/Content/gltf/MaterialInstances/MI_SpecularGlossiness_Mask.uasset" 839
"../../../Engine/Plugins/Interchange/Assets/Content/gltf/MaterialInstances/MI_SpecularGlossiness_Mask.uexp" 840
"../../../Engine/Plugins/Interchange/Assets/Content/gltf/MaterialInstances/MI_SpecularGlossiness_Blend_DS.uasset" 841
"../../../Engine/Plugins/Interchange/Assets/Content/gltf/MaterialInstances/MI_SpecularGlossiness_Blend_DS.uexp" 842
"../../../Engine/Plugins/Interchange/Assets/Content/gltf/MaterialInstances/MI_SpecularGlossiness_Blend.uasset" 843
"../../../Engine/Plugins/Interchange/Assets/Content/gltf/MaterialInstances/MI_SpecularGlossiness_Blend.uexp" 844
"../../../Engine/Plugins/Interchange/Assets/Content/gltf/MaterialFunctions/MF_Sheen.uasset" 845
"../../../Engine/Plugins/Interchange/Assets/Content/gltf/MaterialFunctions/MF_Sheen.uexp" 846
"../../../Engine/Plugins/Interchange/Assets/Content/gltf/MaterialBodies/MF_Sheen_Body.uasset" 847
"../../../Engine/Plugins/Interchange/Assets/Content/gltf/MaterialBodies/MF_Sheen_Body.uexp" 848
"../../../Engine/Plugins/Interchange/Assets/Content/gltf/M_Sheen.uasset" 849
"../../../Engine/Plugins/Interchange/Assets/Content/gltf/M_Sheen.uexp" 850
"../../../Engine/Plugins/Interchange/Assets/Content/gltf/MaterialInstances/MI_Sheen_Opaque_DS.uasset" 851
"../../../Engine/Plugins/Interchange/Assets/Content/gltf/MaterialInstances/MI_Sheen_Opaque_DS.uexp" 852
"../../../Engine/Plugins/Interchange/Assets/Content/gltf/MaterialInstances/MI_Sheen_Opaque.uasset" 853
"../../../Engine/Plugins/Interchange/Assets/Content/gltf/MaterialInstances/MI_Sheen_Opaque.uexp" 854
"../../../Engine/Plugins/Interchange/Assets/Content/gltf/MaterialInstances/MI_Sheen_Mask_DS.uasset" 855
"../../../Engine/Plugins/Interchange/Assets/Content/gltf/MaterialInstances/MI_Sheen_Mask_DS.uexp" 856
"../../../Engine/Plugins/Interchange/Assets/Content/gltf/MaterialInstances/MI_Sheen_Mask.uasset" 857
"../../../Engine/Plugins/Interchange/Assets/Content/gltf/MaterialInstances/MI_Sheen_Mask.uexp" 858
"../../../Engine/Plugins/Interchange/Assets/Content/gltf/MaterialInstances/MI_Sheen_Blend_DS.uasset" 859
"../../../Engine/Plugins/Interchange/Assets/Content/gltf/MaterialInstances/MI_Sheen_Blend_DS.uexp" 860
"../../../Engine/Plugins/Interchange/Assets/Content/gltf/MaterialInstances/MI_Sheen_Blend.uasset" 861
"../../../Engine/Plugins/Interchange/Assets/Content/gltf/MaterialInstances/MI_Sheen_Blend.uexp" 862
"../../../Engine/Plugins/Interchange/Assets/Content/gltf/MaterialBodies/MF_Default_Body.uasset" 863
"../../../Engine/Plugins/Interchange/Assets/Content/gltf/MaterialBodies/MF_Default_Body.uexp" 864
"../../../Engine/Plugins/Interchange/Assets/Content/gltf/M_Default.uasset" 865
"../../../Engine/Plugins/Interchange/Assets/Content/gltf/M_Default.uexp" 866
"../../../Engine/Plugins/Interchange/Assets/Content/gltf/MaterialInstances/MI_Default_Opaque_DS.uasset" 867
"../../../Engine/Plugins/Interchange/Assets/Content/gltf/MaterialInstances/MI_Default_Opaque_DS.uexp" 868
"../../../Engine/Plugins/Interchange/Assets/Content/gltf/MaterialInstances/MI_Default_Opaque.uasset" 869
"../../../Engine/Plugins/Interchange/Assets/Content/gltf/MaterialInstances/MI_Default_Opaque.uexp" 870
"../../../Engine/Plugins/Interchange/Assets/Content/gltf/MaterialInstances/MI_Default_Mask_DS.uasset" 871
"../../../Engine/Plugins/Interchange/Assets/Content/gltf/MaterialInstances/MI_Default_Mask_DS.uexp" 872
"../../../Engine/Plugins/Interchange/Assets/Content/gltf/MaterialInstances/MI_Default_Mask.uasset" 873
"../../../Engine/Plugins/Interchange/Assets/Content/gltf/MaterialInstances/MI_Default_Mask.uexp" 874
"../../../Engine/Plugins/Interchange/Assets/Content/gltf/MaterialInstances/MI_Default_Blend_DS.uasset" 875
"../../../Engine/Plugins/Interchange/Assets/Content/gltf/MaterialInstances/MI_Default_Blend_DS.uexp" 876
"../../../Engine/Plugins/Interchange/Assets/Content/gltf/MaterialInstances/MI_Default_Blend.uasset" 877
"../../../Engine/Plugins/Interchange/Assets/Content/gltf/MaterialInstances/MI_Default_Blend.uexp" 878
"../../../Engine/Content/Functions/Engine_MaterialFunctions01/Texturing/FlattenNormal.uasset" 879
"../../../Engine/Content/Functions/Engine_MaterialFunctions01/Texturing/FlattenNormal.uexp" 880
"../../../Engine/Plugins/Interchange/Assets/Content/gltf/MaterialFunctions/MF_Clearcoat.uasset" 881
"../../../Engine/Plugins/Interchange/Assets/Content/gltf/MaterialFunctions/MF_Clearcoat.uexp" 882
"../../../Engine/Plugins/Interchange/Assets/Content/gltf/MaterialBodies/MF_ClearCoat_Body.uasset" 883
"../../../Engine/Plugins/Interchange/Assets/Content/gltf/MaterialBodies/MF_ClearCoat_Body.uexp" 884
"../../../Engine/Plugins/Interchange/Assets/Content/gltf/M_ClearCoat.uasset" 885
"../../../Engine/Plugins/Interchange/Assets/Content/gltf/M_ClearCoat.uexp" 886
"../../../Engine/Plugins/Interchange/Assets/Content/gltf/MaterialInstances/MI_ClearCoat_Opaque_DS.uasset" 887
"../../../Engine/Plugins/Interchange/Assets/Content/gltf/MaterialInstances/MI_ClearCoat_Opaque_DS.uexp" 888
"../../../Engine/Plugins/Interchange/Assets/Content/gltf/MaterialInstances/MI_ClearCoat_Opaque.uasset" 889
"../../../Engine/Plugins/Interchange/Assets/Content/gltf/MaterialInstances/MI_ClearCoat_Opaque.uexp" 890
"../../../Engine/Plugins/Interchange/Assets/Content/gltf/MaterialInstances/MI_ClearCoat_Mask_DS.uasset" 891
"../../../Engine/Plugins/Interchange/Assets/Content/gltf/MaterialInstances/MI_ClearCoat_Mask_DS.uexp" 892
"../../../Engine/Plugins/Interchange/Assets/Content/gltf/MaterialInstances/MI_ClearCoat_Mask.uasset" 893
"../../../Engine/Plugins/Interchange/Assets/Content/gltf/MaterialInstances/MI_ClearCoat_Mask.uexp" 894
"../../../Engine/Plugins/Interchange/Assets/Content/gltf/MaterialInstances/MI_ClearCoat_Blend_DS.uasset" 895
"../../../Engine/Plugins/Interchange/Assets/Content/gltf/MaterialInstances/MI_ClearCoat_Blend_DS.uexp" 896
"../../../Engine/Plugins/Interchange/Assets/Content/gltf/MaterialInstances/MI_ClearCoat_Blend.uasset" 897
"../../../Engine/Plugins/Interchange/Assets/Content/gltf/MaterialInstances/MI_ClearCoat_Blend.uexp" 898
"../../../Engine/Content/EngineMaterials/Substrate/Volume/SubstrateSimpleVolumeLUT3D.uasset" 899
"../../../Engine/Content/EngineMaterials/Substrate/Volume/SubstrateSimpleVolumeLUT3D.uexp" 900
"../../../Engine/Content/EngineMaterials/Substrate/Volume/SubstrateSimpleVolumeEnvLUT3D.uasset" 901
"../../../Engine/Content/EngineMaterials/Substrate/Volume/SubstrateSimpleVolumeEnvLUT3D.uexp" 902
"../../../Engine/Content/EngineMaterials/Substrate/Glints2/AGlintTex2dArray2.uasset" 903
"../../../Engine/Content/EngineMaterials/Substrate/Glints2/AGlintTex2dArray2.uexp" 904
"../../../Engine/Content/EngineMaterials/Substrate/GLints/AGlintTex2dArray.uasset" 905
"../../../Engine/Content/EngineMaterials/Substrate/GLints/AGlintTex2dArray.uexp" 906
"../../../Engine/Content/EngineResources/LandscapeVisibilityLayerInfo.uasset" 907
"../../../Engine/Content/EngineResources/LandscapeVisibilityLayerInfo.uexp" 908
"C:/Users/sayan/Projects/UE5-UI-Framework/UE5_Frontend_UI/Content/Blueprints/UI/WBP_Template_Layout.uasset" 909
"C:/Users/sayan/Projects/UE5-UI-Framework/UE5_Frontend_UI/Content/Blueprints/UI/WBP_Template_Layout.uexp" 910
"../../../Engine/Content/VREditor/Sounds/UI/Selection_Changes.ubulk" 911
"../../../Engine/Content/VREditor/Sounds/UI/Selection_Changes.uasset" 912
"../../../Engine/Content/VREditor/Sounds/UI/Selection_Changes.uexp" 913
"../../../Engine/Content/VREditor/Sounds/UI/Flashlight_Switch.ubulk" 914
"../../../Engine/Content/VREditor/Sounds/UI/Flashlight_Switch.uasset" 915
"../../../Engine/Content/VREditor/Sounds/UI/Flashlight_Switch.uexp" 916
"C:/Users/sayan/Projects/UE5-UI-Framework/UE5_Frontend_UI/Content/Blueprints/UI/Styles/Button/Style_Button_Clear.uasset" 917
"C:/Users/sayan/Projects/UE5-UI-Framework/UE5_Frontend_UI/Content/Blueprints/UI/Styles/Button/Style_Button_Clear.uexp" 918
"C:/Users/sayan/Projects/UE5-UI-Framework/UE5_Frontend_UI/Content/Assets/Fonts/Din/DIN.uexp" 919
"C:/Users/sayan/Projects/UE5-UI-Framework/UE5_Frontend_UI/Content/Assets/Fonts/Din/DIN.uasset" 920
"C:/Users/sayan/Projects/UE5-UI-Framework/UE5_Frontend_UI/Content/Assets/Fonts/Din/DIN.ufont" 921
"C:/Users/sayan/Projects/UE5-UI-Framework/UE5_Frontend_UI/Content/Assets/Fonts/Din/DIN-Medium.uexp" 922
"C:/Users/sayan/Projects/UE5-UI-Framework/UE5_Frontend_UI/Content/Assets/Fonts/Din/DIN-Medium.uasset" 923
"C:/Users/sayan/Projects/UE5-UI-Framework/UE5_Frontend_UI/Content/Assets/Fonts/Din/DIN-Medium.ufont" 924
"C:/Users/sayan/Projects/UE5-UI-Framework/UE5_Frontend_UI/Content/Assets/Fonts/Din/DIN-Bold.uexp" 925
"C:/Users/sayan/Projects/UE5-UI-Framework/UE5_Frontend_UI/Content/Assets/Fonts/Din/DIN-Bold.uasset" 926
"C:/Users/sayan/Projects/UE5-UI-Framework/UE5_Frontend_UI/Content/Assets/Fonts/Din/DIN-Bold.ufont" 927
"C:/Users/sayan/Projects/UE5-UI-Framework/UE5_Frontend_UI/Content/Assets/Fonts/Din/DIN-Black.uexp" 928
"C:/Users/sayan/Projects/UE5-UI-Framework/UE5_Frontend_UI/Content/Assets/Fonts/Din/DIN-Black.uasset" 929
"C:/Users/sayan/Projects/UE5-UI-Framework/UE5_Frontend_UI/Content/Assets/Fonts/Din/DIN-Black.ufont" 930
"C:/Users/sayan/Projects/UE5-UI-Framework/UE5_Frontend_UI/Content/Assets/Fonts/Din/DIN_Font.uasset" 931
"C:/Users/sayan/Projects/UE5-UI-Framework/UE5_Frontend_UI/Content/Assets/Fonts/Din/DIN_Font.uexp" 932
"C:/Users/sayan/Projects/UE5-UI-Framework/UE5_Frontend_UI/Content/Blueprints/UI/Styles/Text/Style_Text_BoundAction.uasset" 933
"C:/Users/sayan/Projects/UE5-UI-Framework/UE5_Frontend_UI/Content/Blueprints/UI/Styles/Text/Style_Text_BoundAction.uexp" 934
"C:/Users/sayan/Projects/UE5-UI-Framework/UE5_Frontend_UI/Content/Blueprints/UI/Widgets/Buttons/WBP_Button_BoundAction.uasset" 935
"C:/Users/sayan/Projects/UE5-UI-Framework/UE5_Frontend_UI/Content/Blueprints/UI/Widgets/Buttons/WBP_Button_BoundAction.uexp" 936
"C:/Users/sayan/Projects/UE5-UI-Framework/UE5_Frontend_UI/Content/Blueprints/UI/Styles/Text/Style_Text_Default.uasset" 937
"C:/Users/sayan/Projects/UE5-UI-Framework/UE5_Frontend_UI/Content/Blueprints/UI/Styles/Text/Style_Text_Default.uexp" 938
"C:/Users/sayan/Projects/UE5-UI-Framework/UE5_Frontend_UI/Content/Blueprints/UI/Styles/Text/Style_Text_DefaultHighlight.uasset" 939
"C:/Users/sayan/Projects/UE5-UI-Framework/UE5_Frontend_UI/Content/Blueprints/UI/Styles/Text/Style_Text_DefaultHighlight.uexp" 940
"C:/Users/sayan/Projects/UE5-UI-Framework/UE5_Frontend_UI/Content/Blueprints/UI/Styles/Button/Style_Button_Clear_Menu.uasset" 941
"C:/Users/sayan/Projects/UE5-UI-Framework/UE5_Frontend_UI/Content/Blueprints/UI/Styles/Button/Style_Button_Clear_Menu.uexp" 942
"C:/Users/sayan/Projects/UE5-UI-Framework/UE5_Frontend_UI/Content/Blueprints/UI/Widgets/Buttons/WBP_Button_Default.uasset" 943
"C:/Users/sayan/Projects/UE5-UI-Framework/UE5_Frontend_UI/Content/Blueprints/UI/Widgets/Buttons/WBP_Button_Default.uexp" 944
"C:/Users/sayan/Projects/UE5-UI-Framework/UE5_Frontend_UI/Content/Blueprints/UI/Widgets/Options/WBP_TabList_Options.uasset" 945
"C:/Users/sayan/Projects/UE5-UI-Framework/UE5_Frontend_UI/Content/Blueprints/UI/Widgets/Options/WBP_TabList_Options.uexp" 946
"../../../Engine/Content/VREditor/Devices/Vive/UE4_Logo.ubulk" 947
"../../../Engine/Content/VREditor/Devices/Vive/UE4_Logo.uasset" 948
"../../../Engine/Content/VREditor/Devices/Vive/UE4_Logo.uexp" 949
"C:/Users/sayan/Projects/UE5-UI-Framework/UE5_Frontend_UI/Content/Blueprints/UI/Styles/Text/DT_RichTextStyle_OptionsScreen.uasset" 950
"C:/Users/sayan/Projects/UE5-UI-Framework/UE5_Frontend_UI/Content/Blueprints/UI/Styles/Text/DT_RichTextStyle_OptionsScreen.uexp" 951
"C:/Users/sayan/Projects/UE5-UI-Framework/UE5_Frontend_UI/Content/Blueprints/UI/Styles/Text/Style_Text_OptionsDetailsView_Title.uasset" 952
"C:/Users/sayan/Projects/UE5-UI-Framework/UE5_Frontend_UI/Content/Blueprints/UI/Styles/Text/Style_Text_OptionsDetailsView_Title.uexp" 953
"C:/Users/sayan/Projects/UE5-UI-Framework/UE5_Frontend_UI/Content/Blueprints/UI/Widgets/Options/WBP_DetailsView_Options.uasset" 954
"C:/Users/sayan/Projects/UE5-UI-Framework/UE5_Frontend_UI/Content/Blueprints/UI/Widgets/Options/WBP_DetailsView_Options.uexp" 955
"C:/Users/sayan/Projects/UE5-UI-Framework/UE5_Frontend_UI/Content/Blueprints/UI/Styles/Text/Style_Text_ListEntry_Default.uasset" 956
"C:/Users/sayan/Projects/UE5-UI-Framework/UE5_Frontend_UI/Content/Blueprints/UI/Styles/Text/Style_Text_ListEntry_Default.uexp" 957
"C:/Users/sayan/Projects/UE5-UI-Framework/UE5_Frontend_UI/Content/Blueprints/UI/Styles/Button/Style_Button_Clear_NoSound.uasset" 958
"C:/Users/sayan/Projects/UE5-UI-Framework/UE5_Frontend_UI/Content/Blueprints/UI/Styles/Button/Style_Button_Clear_NoSound.uexp" 959
"C:/Users/sayan/Projects/UE5-UI-Framework/UE5_Frontend_UI/Content/Blueprints/UI/Widgets/Buttons/WBP_Rotator_Options.uasset" 960
"C:/Users/sayan/Projects/UE5-UI-Framework/UE5_Frontend_UI/Content/Blueprints/UI/Widgets/Buttons/WBP_Rotator_Options.uexp" 961
"C:/Users/sayan/Projects/UE5-UI-Framework/UE5_Frontend_UI/Content/Blueprints/UI/Widgets/Buttons/WBP_Button_ListEntry_Image.uasset" 962
"C:/Users/sayan/Projects/UE5-UI-Framework/UE5_Frontend_UI/Content/Blueprints/UI/Widgets/Buttons/WBP_Button_ListEntry_Image.uexp" 963
"C:/Users/sayan/Projects/UE5-UI-Framework/UE5_Frontend_UI/Content/Blueprints/UI/Styles/Text/Style_Text_ListEntry_Highlight.uasset" 964
"C:/Users/sayan/Projects/UE5-UI-Framework/UE5_Frontend_UI/Content/Blueprints/UI/Styles/Text/Style_Text_ListEntry_Highlight.uexp" 965
"C:/Users/sayan/Projects/UE5-UI-Framework/UE5_Frontend_UI/Content/Blueprints/UI/Widgets/Options/ListEntries/SizeBox_ListEntry.uasset" 966
"C:/Users/sayan/Projects/UE5-UI-Framework/UE5_Frontend_UI/Content/Blueprints/UI/Widgets/Options/ListEntries/SizeBox_ListEntry.uexp" 967
"C:/Users/sayan/Projects/UE5-UI-Framework/UE5_Frontend_UI/Content/Blueprints/UI/Widgets/Options/ListEntries/WBP_ListEntry_String.uasset" 968
"C:/Users/sayan/Projects/UE5-UI-Framework/UE5_Frontend_UI/Content/Blueprints/UI/Widgets/Options/ListEntries/WBP_ListEntry_String.uexp" 969
"C:/Users/sayan/Projects/UE5-UI-Framework/UE5_Frontend_UI/Content/Assets/Textures/T_HeaderLine2.uasset" 970
"C:/Users/sayan/Projects/UE5-UI-Framework/UE5_Frontend_UI/Content/Assets/Textures/T_HeaderLine2.uexp" 971
"C:/Users/sayan/Projects/UE5-UI-Framework/UE5_Frontend_UI/Content/Blueprints/UI/Styles/Text/Style_Text_ListEntry_Header.uasset" 972
"C:/Users/sayan/Projects/UE5-UI-Framework/UE5_Frontend_UI/Content/Blueprints/UI/Styles/Text/Style_Text_ListEntry_Header.uexp" 973
"C:/Users/sayan/Projects/UE5-UI-Framework/UE5_Frontend_UI/Content/Blueprints/UI/Widgets/Options/ListEntries/WBP_ListEntry_Header.uasset" 974
"C:/Users/sayan/Projects/UE5-UI-Framework/UE5_Frontend_UI/Content/Blueprints/UI/Widgets/Options/ListEntries/WBP_ListEntry_Header.uexp" 975
"C:/Users/sayan/Projects/UE5-UI-Framework/UE5_Frontend_UI/Content/Assets/Textures/T_SliderHandle.uasset" 976
"C:/Users/sayan/Projects/UE5-UI-Framework/UE5_Frontend_UI/Content/Assets/Textures/T_SliderHandle.uexp" 977
"C:/Users/sayan/Projects/UE5-UI-Framework/UE5_Frontend_UI/Content/Assets/Textures/T_SliderBar.uasset" 978
"C:/Users/sayan/Projects/UE5-UI-Framework/UE5_Frontend_UI/Content/Assets/Textures/T_SliderBar.uexp" 979
"C:/Users/sayan/Projects/UE5-UI-Framework/UE5_Frontend_UI/Content/Blueprints/UI/Widgets/Options/ListEntries/WBP_ListEntry_Scalar.uasset" 980
"C:/Users/sayan/Projects/UE5-UI-Framework/UE5_Frontend_UI/Content/Blueprints/UI/Widgets/Options/ListEntries/WBP_ListEntry_Scalar.uexp" 981
"C:/Users/sayan/Projects/UE5-UI-Framework/UE5_Frontend_UI/Content/Blueprints/UI/Widgets/Options/DA_DataListEntryMapping.uasset" 982
"C:/Users/sayan/Projects/UE5-UI-Framework/UE5_Frontend_UI/Content/Blueprints/UI/Widgets/Options/DA_DataListEntryMapping.uexp" 983
"C:/Users/sayan/Projects/UE5-UI-Framework/UE5_Frontend_UI/Content/Blueprints/UI/Widgets/Options/ListEntries/WBP_ListEntry-InvalidRow.uasset" 984
"C:/Users/sayan/Projects/UE5-UI-Framework/UE5_Frontend_UI/Content/Blueprints/UI/Widgets/Options/ListEntries/WBP_ListEntry-InvalidRow.uexp" 985
"C:/Users/sayan/Projects/UE5-UI-Framework/UE5_Frontend_UI/Content/Blueprints/UI/Widgets/Options/WBP_CAW_OptionsScreen.uasset" 986
"C:/Users/sayan/Projects/UE5-UI-Framework/UE5_Frontend_UI/Content/Blueprints/UI/Widgets/Options/WBP_CAW_OptionsScreen.uexp" 987
"C:/Users/sayan/Projects/UE5-UI-Framework/UE5_Frontend_UI/Content/Assets/Textures/T_UI_Border_01.uasset" 988
"C:/Users/sayan/Projects/UE5-UI-Framework/UE5_Frontend_UI/Content/Assets/Textures/T_UI_Border_01.uexp" 989
"C:/Users/sayan/Projects/UE5-UI-Framework/UE5_Frontend_UI/Content/Blueprints/UI/Styles/Text/Style_Text_ConfirmScreenDefault.uasset" 990
"C:/Users/sayan/Projects/UE5-UI-Framework/UE5_Frontend_UI/Content/Blueprints/UI/Styles/Text/Style_Text_ConfirmScreenDefault.uexp" 991
"C:/Users/sayan/Projects/UE5-UI-Framework/UE5_Frontend_UI/Content/Blueprints/UI/Styles/Button/Style_Button_Clear_ConfirmScreen.uasset" 992
"C:/Users/sayan/Projects/UE5-UI-Framework/UE5_Frontend_UI/Content/Blueprints/UI/Styles/Button/Style_Button_Clear_ConfirmScreen.uexp" 993
"C:/Users/sayan/Projects/UE5-UI-Framework/UE5_Frontend_UI/Content/Blueprints/UI/Widgets/Buttons/WBP_Button_ConfirmScreen.uasset" 994
"C:/Users/sayan/Projects/UE5-UI-Framework/UE5_Frontend_UI/Content/Blueprints/UI/Widgets/Buttons/WBP_Button_ConfirmScreen.uexp" 995
"C:/Users/sayan/Projects/UE5-UI-Framework/UE5_Frontend_UI/Content/Blueprints/UI/Styles/Text/Style_Text_ConfirmScreenHighlight.uasset" 996
"C:/Users/sayan/Projects/UE5-UI-Framework/UE5_Frontend_UI/Content/Blueprints/UI/Styles/Text/Style_Text_ConfirmScreenHighlight.uexp" 997
"C:/Users/sayan/Projects/UE5-UI-Framework/UE5_Frontend_UI/Content/Blueprints/UI/Widgets/WBP_CAW_ConfirmScreen.uasset" 998
"C:/Users/sayan/Projects/UE5-UI-Framework/UE5_Frontend_UI/Content/Blueprints/UI/Widgets/WBP_CAW_ConfirmScreen.uexp" 999
"C:/Users/sayan/Projects/UE5-UI-Framework/UE5_Frontend_UI/Content/Blueprints/UI/Styles/Text/Style_Text_ButtonDescription.uasset" 1000
"C:/Users/sayan/Projects/UE5-UI-Framework/UE5_Frontend_UI/Content/Blueprints/UI/Styles/Text/Style_Text_ButtonDescription.uexp" 1001
"C:/Users/sayan/Projects/UE5-UI-Framework/UE5_Frontend_UI/Content/Blueprints/UI/Widgets/WBP_Text_ButtonDescription.uasset" 1002
"C:/Users/sayan/Projects/UE5-UI-Framework/UE5_Frontend_UI/Content/Blueprints/UI/Widgets/WBP_Text_ButtonDescription.uexp" 1003
"C:/Users/sayan/Projects/UE5-UI-Framework/UE5_Frontend_UI/Content/Blueprints/UI/Widgets/WBP_CAW_MainMenu.uasset" 1004
"C:/Users/sayan/Projects/UE5-UI-Framework/UE5_Frontend_UI/Content/Blueprints/UI/Widgets/WBP_CAW_MainMenu.uexp" 1005
"C:/Users/sayan/Projects/UE5-UI-Framework/UE5_Frontend_UI/Content/Blueprints/UI/Widgets/WBP_CAW_PressAnyKey.uasset" 1006
"C:/Users/sayan/Projects/UE5-UI-Framework/UE5_Frontend_UI/Content/Blueprints/UI/Widgets/WBP_CAW_PressAnyKey.uexp" 1007
"C:/Users/sayan/Projects/UE5-UI-Framework/UE5_Frontend_UI/Content/Blueprints/UI/Widgets/WBP_CAW_StoryScreen.uasset" 1008
"C:/Users/sayan/Projects/UE5-UI-Framework/UE5_Frontend_UI/Content/Blueprints/UI/Widgets/WBP_CAW_StoryScreen.uexp" 1009
"../../../Engine/Plugins/Animation/DeformerGraph/Content/DeformerFunctions/DG_Function_LinearBlendSkin_Morph_Cloth.uasset" 1010
"../../../Engine/Plugins/Animation/DeformerGraph/Content/DeformerFunctions/DG_Function_LinearBlendSkin_Morph_Cloth.uexp" 1011
"../../../Engine/Plugins/Animation/DeformerGraph/Content/Deformers/DG_LinearBlendSkin_Morph_Cloth.uasset" 1012
"../../../Engine/Plugins/Animation/DeformerGraph/Content/Deformers/DG_LinearBlendSkin_Morph_Cloth.uexp" 1013
"../../../Engine/Plugins/Animation/DeformerGraph/Content/DeformerFunctions/DG_Function_LinearBlendSkin_Morph_Cloth_PositionOnly.uasset" 1014
"../../../Engine/Plugins/Animation/DeformerGraph/Content/DeformerFunctions/DG_Function_LinearBlendSkin_Morph_Cloth_PositionOnly.uexp" 1015
"../../../Engine/Plugins/Animation/DeformerGraph/Content/DeformerFunctions/DG_Function_ComputeNormalsTangents.uasset" 1016
"../../../Engine/Plugins/Animation/DeformerGraph/Content/DeformerFunctions/DG_Function_ComputeNormalsTangents.uexp" 1017
"../../../Engine/Plugins/Animation/DeformerGraph/Content/Deformers/DG_LinearBlendSkin_Morph_Cloth_RecomputeNormals.uasset" 1018
"../../../Engine/Plugins/Animation/DeformerGraph/Content/Deformers/DG_LinearBlendSkin_Morph_Cloth_RecomputeNormals.uexp" 1019
"../../../Engine/Content/VREditor/Sounds/UI/Drop_Item_From_ContentBrowser.ubulk" 1020
"../../../Engine/Content/VREditor/Sounds/UI/Drop_Item_From_ContentBrowser.uasset" 1021
"../../../Engine/Content/VREditor/Sounds/UI/Drop_Item_From_ContentBrowser.uexp" 1022
"../../../Engine/Content/VREditor/TransformGizmo/TransformGizmoMaterial_Inst.uasset" 1023
"../../../Engine/Content/VREditor/TransformGizmo/TransformGizmoMaterial_Inst.uexp" 1024
"../../../Engine/Content/VREditor/TransformGizmo/TranslucentTransformGizmoMaterial_Inst.uasset" 1025
"../../../Engine/Content/VREditor/TransformGizmo/TranslucentTransformGizmoMaterial_Inst.uexp" 1026
"../../../Engine/Content/Functions/Engine_MaterialFunctions02/SplitComponents.uasset" 1027
"../../../Engine/Content/Functions/Engine_MaterialFunctions02/SplitComponents.uexp" 1028
"../../../Engine/Content/VREditor/SnapGrid/SnapGridMaterial.uasset" 1029
"../../../Engine/Content/VREditor/SnapGrid/SnapGridMaterial.uexp" 1030
"../../../Engine/Content/VREditor/SnapGrid/SnapGridPlaneMesh.ubulk" 1031
"../../../Engine/Content/VREditor/SnapGrid/SnapGridPlaneMesh.uasset" 1032
"../../../Engine/Content/VREditor/SnapGrid/SnapGridPlaneMesh.uexp" 1033
"../../../Engine/Content/VREditor/Sounds/UI/Gizmo_Handle_Clicked.ubulk" 1034
"../../../Engine/Content/VREditor/Sounds/UI/Gizmo_Handle_Clicked.uasset" 1035
"../../../Engine/Content/VREditor/Sounds/UI/Gizmo_Handle_Clicked.uexp" 1036
"../../../Engine/Content/VREditor/Sounds/UI/Object_PickUp.ubulk" 1037
"../../../Engine/Content/VREditor/Sounds/UI/Object_PickUp.uasset" 1038
"../../../Engine/Content/VREditor/Sounds/UI/Object_PickUp.uexp" 1039
"../../../Engine/Content/VREditor/Sounds/UI/Object_Snaps_To_Another_Actor.ubulk" 1040
"../../../Engine/Content/VREditor/Sounds/UI/Object_Snaps_To_Another_Actor.uasset" 1041
"../../../Engine/Content/VREditor/Sounds/UI/Object_Snaps_To_Another_Actor.uexp" 1042
"../../../Engine/Content/VREditor/Sounds/UI/Object_Snaps_To_Grid.ubulk" 1043
"../../../Engine/Content/VREditor/Sounds/UI/Object_Snaps_To_Grid.uasset" 1044
"../../../Engine/Content/VREditor/Sounds/UI/Object_Snaps_To_Grid.uexp" 1045
"../../../Engine/Content/VREditor/Sounds/UI/Scaling_Down.ubulk" 1046
"../../../Engine/Content/VREditor/Sounds/UI/Scaling_Down.uasset" 1047
"../../../Engine/Content/VREditor/Sounds/UI/Scaling_Down.uexp" 1048
"../../../Engine/Content/VREditor/Sounds/UI/Scaling_Up.ubulk" 1049
"../../../Engine/Content/VREditor/Sounds/UI/Scaling_Up.uasset" 1050
"../../../Engine/Content/VREditor/Sounds/UI/Scaling_Up.uexp" 1051
"../../../Engine/Content/VREditor/TransformGizmo/PlaneTranslationHandle.ubulk" 1052
"../../../Engine/Content/VREditor/TransformGizmo/PlaneTranslationHandle.uasset" 1053
"../../../Engine/Content/VREditor/TransformGizmo/PlaneTranslationHandle.uexp" 1054
"../../../Engine/Content/VREditor/TransformGizmo/RotationHandleFull.ubulk" 1055
"../../../Engine/Content/VREditor/TransformGizmo/RotationHandleFull.uasset" 1056
"../../../Engine/Content/VREditor/TransformGizmo/RotationHandleFull.uexp" 1057
"../../../Engine/Content/VREditor/TransformGizmo/RotationHandleIndicator.ubulk" 1058
"../../../Engine/Content/VREditor/TransformGizmo/RotationHandleIndicator.uasset" 1059
"../../../Engine/Content/VREditor/TransformGizmo/RotationHandleIndicator.uexp" 1060
"../../../Engine/Content/VREditor/TransformGizmo/RotationHandleQuarter.ubulk" 1061
"../../../Engine/Content/VREditor/TransformGizmo/RotationHandleQuarter.uasset" 1062
"../../../Engine/Content/VREditor/TransformGizmo/RotationHandleQuarter.uexp" 1063
"../../../Engine/Content/VREditor/TransformGizmo/StartRotationHandleIndicator.ubulk" 1064
"../../../Engine/Content/VREditor/TransformGizmo/StartRotationHandleIndicator.uasset" 1065
"../../../Engine/Content/VREditor/TransformGizmo/StartRotationHandleIndicator.uexp" 1066
"../../../Engine/Content/VREditor/TransformGizmo/TransformGizmoFreeRotation.ubulk" 1067
"../../../Engine/Content/VREditor/TransformGizmo/TransformGizmoFreeRotation.uasset" 1068
"../../../Engine/Content/VREditor/TransformGizmo/TransformGizmoFreeRotation.uexp" 1069
"../../../Engine/Content/VREditor/TransformGizmo/TranslateArrowHandle.ubulk" 1070
"../../../Engine/Content/VREditor/TransformGizmo/TranslateArrowHandle.uasset" 1071
"../../../Engine/Content/VREditor/TransformGizmo/TranslateArrowHandle.uexp" 1072
"../../../Engine/Content/VREditor/TransformGizmo/UniformScaleHandle.ubulk" 1073
"../../../Engine/Content/VREditor/TransformGizmo/UniformScaleHandle.uasset" 1074
"../../../Engine/Content/VREditor/TransformGizmo/UniformScaleHandle.uexp" 1075
"../../../Engine/Plugins/NNE/NNEDenoiser/Content/NNEDT_Oidn2-3_Balanced.uasset" 1076
"../../../Engine/Plugins/NNE/NNEDenoiser/Content/NNEDT_Oidn2-3_Balanced.uexp" 1077
"../../../Engine/Plugins/NNE/NNEDenoiser/Content/NNEDT_Oidn2-3_Balanced_Alpha.uasset" 1078
"../../../Engine/Plugins/NNE/NNEDenoiser/Content/NNEDT_Oidn2-3_Balanced_Alpha.uexp" 1079
"../../../Engine/Plugins/NNE/NNEDenoiser/Content/NNED_Oidn2-3_Balanced.uasset" 1080
"../../../Engine/Plugins/NNE/NNEDenoiser/Content/NNED_Oidn2-3_Balanced.uexp" 1081
"../../../Engine/Plugins/NNE/NNEDenoiser/Content/NNED_Oidn2-3_Balanced_Alpha.uasset" 1082
"../../../Engine/Plugins/NNE/NNEDenoiser/Content/NNED_Oidn2-3_Balanced_Alpha.uexp" 1083
"../../../Engine/Plugins/NNE/NNEDenoiser/Content/NNED_Oidn2-3_Fast.uasset" 1084
"../../../Engine/Plugins/NNE/NNEDenoiser/Content/NNED_Oidn2-3_Fast.uexp" 1085
"../../../Engine/Plugins/NNE/NNEDenoiser/Content/NNED_Oidn2-3_Fast_Alpha.uasset" 1086
"../../../Engine/Plugins/NNE/NNEDenoiser/Content/NNED_Oidn2-3_Fast_Alpha.uexp" 1087
"../../../Engine/Plugins/NNE/NNEDenoiser/Content/NNED_Oidn2-3_HighQuality.uasset" 1088
"../../../Engine/Plugins/NNE/NNEDenoiser/Content/NNED_Oidn2-3_HighQuality.uexp" 1089
"../../../Engine/Plugins/NNE/NNEDenoiser/Content/NNED_Oidn2-3_HighQuality_Alpha.uasset" 1090
"../../../Engine/Plugins/NNE/NNEDenoiser/Content/NNED_Oidn2-3_HighQuality_Alpha.uexp" 1091
"../../../Engine/Content/Maps/Entry_BuiltData.uasset" 1092
"../../../Engine/Content/Maps/Entry_BuiltData.uexp" 1093
"../../../Engine/Content/Maps/Entry.uexp" 1094
"../../../Engine/Content/Maps/Entry.umap" 1095
"../../../Engine/Content/BasicShapes/Cube.ubulk" 1096
"../../../Engine/Content/BasicShapes/Cube.uasset" 1097
"../../../Engine/Content/BasicShapes/Cube.uexp" 1098
"C:/Users/sayan/Projects/UE5-UI-Framework/UE5_Frontend_UI/Content/Blueprints/UI/Widgets/WBP_CUW_PrimayLayout.uasset" 1099
"C:/Users/sayan/Projects/UE5-UI-Framework/UE5_Frontend_UI/Content/Blueprints/UI/Widgets/WBP_CUW_PrimayLayout.uexp" 1100
"C:/Users/sayan/Projects/UE5-UI-Framework/UE5_Frontend_UI/Content/Blueprints/UI/BP_FrontendController.uasset" 1101
"C:/Users/sayan/Projects/UE5-UI-Framework/UE5_Frontend_UI/Content/Blueprints/UI/BP_FrontendController.uexp" 1102
"C:/Users/sayan/Projects/UE5-UI-Framework/UE5_Frontend_UI/Content/Blueprints/UI/BP_FrondendGameMode.uasset" 1103
"C:/Users/sayan/Projects/UE5-UI-Framework/UE5_Frontend_UI/Content/Blueprints/UI/BP_FrondendGameMode.uexp" 1104
"../../../Engine/Content/EngineMaterials/DefaultNormal_Uncompressed.ubulk" 1105
"../../../Engine/Content/EngineMaterials/DefaultNormal_Uncompressed.uasset" 1106
"../../../Engine/Content/EngineMaterials/DefaultNormal_Uncompressed.uexp" 1107
"../../../Engine/Content/Functions/Engine_MaterialFunctions02/Math/CreateThirdOrthogonalVector.uasset" 1108
"../../../Engine/Content/Functions/Engine_MaterialFunctions02/Math/CreateThirdOrthogonalVector.uexp" 1109
"../../../Engine/Content/Functions/Engine_MaterialFunctions01/Gradient/LinearGradient.uasset" 1110
"../../../Engine/Content/Functions/Engine_MaterialFunctions01/Gradient/LinearGradient.uexp" 1111
"../../../Engine/Content/Functions/Engine_MaterialFunctions01/ImageAdjustment/CheapContrast.uasset" 1112
"../../../Engine/Content/Functions/Engine_MaterialFunctions01/ImageAdjustment/CheapContrast.uexp" 1113
"../../../Engine/Content/Functions/Engine_MaterialFunctions01/Texturing/WorldAlignedTexture.uasset" 1114
"../../../Engine/Content/Functions/Engine_MaterialFunctions01/Texturing/WorldAlignedTexture.uexp" 1115
"../../../Engine/Content/Functions/Engine_MaterialFunctions02/WorldAlignedNormals_HighQuality.uasset" 1116
"../../../Engine/Content/Functions/Engine_MaterialFunctions02/WorldAlignedNormals_HighQuality.uexp" 1117
"C:/Users/sayan/Projects/UE5-UI-Framework/UE5_Frontend_UI/Content/Assets/LevelVisuals/T_Paint_Normal.ubulk" 1118
"C:/Users/sayan/Projects/UE5-UI-Framework/UE5_Frontend_UI/Content/Assets/LevelVisuals/T_Paint_Normal.uasset" 1119
"C:/Users/sayan/Projects/UE5-UI-Framework/UE5_Frontend_UI/Content/Assets/LevelVisuals/T_Paint_Normal.uexp" 1120
"C:/Users/sayan/Projects/UE5-UI-Framework/UE5_Frontend_UI/Content/Assets/LevelVisuals/T_Paint_Glossiness.ubulk" 1121
"C:/Users/sayan/Projects/UE5-UI-Framework/UE5_Frontend_UI/Content/Assets/LevelVisuals/T_Paint_Glossiness.uasset" 1122
"C:/Users/sayan/Projects/UE5-UI-Framework/UE5_Frontend_UI/Content/Assets/LevelVisuals/T_Paint_Glossiness.uexp" 1123
"C:/Users/sayan/Projects/UE5-UI-Framework/UE5_Frontend_UI/Content/Assets/LevelVisuals/T_Paint_Diffuse.ubulk" 1124
"C:/Users/sayan/Projects/UE5-UI-Framework/UE5_Frontend_UI/Content/Assets/LevelVisuals/T_Paint_Diffuse.uasset" 1125
"C:/Users/sayan/Projects/UE5-UI-Framework/UE5_Frontend_UI/Content/Assets/LevelVisuals/T_Paint_Diffuse.uexp" 1126
"C:/Users/sayan/Projects/UE5-UI-Framework/UE5_Frontend_UI/Content/Assets/LevelVisuals/T_Hologrid.ubulk" 1127
"C:/Users/sayan/Projects/UE5-UI-Framework/UE5_Frontend_UI/Content/Assets/LevelVisuals/T_Hologrid.uasset" 1128
"C:/Users/sayan/Projects/UE5-UI-Framework/UE5_Frontend_UI/Content/Assets/LevelVisuals/T_Hologrid.uexp" 1129
"C:/Users/sayan/Projects/UE5-UI-Framework/UE5_Frontend_UI/Content/Assets/LevelVisuals/T_Grid_Crosses.ubulk" 1130
"C:/Users/sayan/Projects/UE5-UI-Framework/UE5_Frontend_UI/Content/Assets/LevelVisuals/T_Grid_Crosses.uasset" 1131
"C:/Users/sayan/Projects/UE5-UI-Framework/UE5_Frontend_UI/Content/Assets/LevelVisuals/T_Grid_Crosses.uexp" 1132
"../../../Engine/Content/Functions/Engine_MaterialFunctions01/Texturing/WorldAlignedNormal.uasset" 1133
"../../../Engine/Content/Functions/Engine_MaterialFunctions01/Texturing/WorldAlignedNormal.uexp" 1134
"C:/Users/sayan/Projects/UE5-UI-Framework/UE5_Frontend_UI/Content/Assets/LevelVisuals/M_FloorMaster.uasset" 1135
"C:/Users/sayan/Projects/UE5-UI-Framework/UE5_Frontend_UI/Content/Assets/LevelVisuals/M_FloorMaster.uexp" 1136
"C:/Users/sayan/Projects/UE5-UI-Framework/UE5_Frontend_UI/Content/Assets/LevelVisuals/MI_Floor.uasset" 1137
"C:/Users/sayan/Projects/UE5-UI-Framework/UE5_Frontend_UI/Content/Assets/LevelVisuals/MI_Floor.uexp" 1138
"C:/Users/sayan/Projects/UE5-UI-Framework/UE5_Frontend_UI/Content/Assets/LevelVisuals/T_sky_01_8k.uasset" 1139
"C:/Users/sayan/Projects/UE5-UI-Framework/UE5_Frontend_UI/Content/Assets/LevelVisuals/T_sky_01_8k.uexp" 1140
"C:/Users/sayan/Projects/UE5-UI-Framework/UE5_Frontend_UI/Content/Assets/LevelVisuals/BP_LevelVisuals.uasset" 1141
"C:/Users/sayan/Projects/UE5-UI-Framework/UE5_Frontend_UI/Content/Assets/LevelVisuals/BP_LevelVisuals.uexp" 1142
"C:/Users/sayan/Projects/UE5-UI-Framework/UE5_Frontend_UI/Content/Assets/LevelVisuals/Characters/Meshes/SK_Mannequin.uasset" 1143
"C:/Users/sayan/Projects/UE5-UI-Framework/UE5_Frontend_UI/Content/Assets/LevelVisuals/Characters/Meshes/SK_Mannequin.uexp" 1144
"C:/Users/sayan/Projects/UE5-UI-Framework/UE5_Frontend_UI/Content/Assets/LevelVisuals/Characters/Mannequins/Rigs/PA_Mannequin.uasset" 1145
"C:/Users/sayan/Projects/UE5-UI-Framework/UE5_Frontend_UI/Content/Assets/LevelVisuals/Characters/Mannequins/Rigs/PA_Mannequin.uexp" 1146
"C:/Users/sayan/Projects/UE5-UI-Framework/UE5_Frontend_UI/Content/Assets/LevelVisuals/Characters/Mannequins/Textures/Shared/T_UE_Logo_M.uasset" 1147
"C:/Users/sayan/Projects/UE5-UI-Framework/UE5_Frontend_UI/Content/Assets/LevelVisuals/Characters/Mannequins/Textures/Shared/T_UE_Logo_M.uexp" 1148
"C:/Users/sayan/Projects/UE5-UI-Framework/UE5_Frontend_UI/Content/Assets/LevelVisuals/Characters/Mannequins/Textures/Manny/T_Manny_01_Tan.ubulk" 1149
"C:/Users/sayan/Projects/UE5-UI-Framework/UE5_Frontend_UI/Content/Assets/LevelVisuals/Characters/Mannequins/Textures/Manny/T_Manny_01_Tan.uasset" 1150
"C:/Users/sayan/Projects/UE5-UI-Framework/UE5_Frontend_UI/Content/Assets/LevelVisuals/Characters/Mannequins/Textures/Manny/T_Manny_01_Tan.uexp" 1151
"C:/Users/sayan/Projects/UE5-UI-Framework/UE5_Frontend_UI/Content/Assets/LevelVisuals/Characters/Mannequins/Textures/Manny/T_Manny_01_N.ubulk" 1152
"C:/Users/sayan/Projects/UE5-UI-Framework/UE5_Frontend_UI/Content/Assets/LevelVisuals/Characters/Mannequins/Textures/Manny/T_Manny_01_N.uasset" 1153
"C:/Users/sayan/Projects/UE5-UI-Framework/UE5_Frontend_UI/Content/Assets/LevelVisuals/Characters/Mannequins/Textures/Manny/T_Manny_01_N.uexp" 1154
"C:/Users/sayan/Projects/UE5-UI-Framework/UE5_Frontend_UI/Content/Assets/LevelVisuals/Characters/Mannequins/Textures/Manny/T_Manny_01_MSR_MSK.ubulk" 1155
"C:/Users/sayan/Projects/UE5-UI-Framework/UE5_Frontend_UI/Content/Assets/LevelVisuals/Characters/Mannequins/Textures/Manny/T_Manny_01_MSR_MSK.uasset" 1156
"C:/Users/sayan/Projects/UE5-UI-Framework/UE5_Frontend_UI/Content/Assets/LevelVisuals/Characters/Mannequins/Textures/Manny/T_Manny_01_MSR_MSK.uexp" 1157
"C:/Users/sayan/Projects/UE5-UI-Framework/UE5_Frontend_UI/Content/Assets/LevelVisuals/Characters/Mannequins/Textures/Manny/T_Manny_01_D.ubulk" 1158
"C:/Users/sayan/Projects/UE5-UI-Framework/UE5_Frontend_UI/Content/Assets/LevelVisuals/Characters/Mannequins/Textures/Manny/T_Manny_01_D.uasset" 1159
"C:/Users/sayan/Projects/UE5-UI-Framework/UE5_Frontend_UI/Content/Assets/LevelVisuals/Characters/Mannequins/Textures/Manny/T_Manny_01_D.uexp" 1160
"C:/Users/sayan/Projects/UE5-UI-Framework/UE5_Frontend_UI/Content/Assets/LevelVisuals/Characters/Mannequins/Textures/Manny/T_Manny_01_CCRCCPlastic_MSK.ubulk" 1161
"C:/Users/sayan/Projects/UE5-UI-Framework/UE5_Frontend_UI/Content/Assets/LevelVisuals/Characters/Mannequins/Textures/Manny/T_Manny_01_CCRCCPlastic_MSK.uasset" 1162
"C:/Users/sayan/Projects/UE5-UI-Framework/UE5_Frontend_UI/Content/Assets/LevelVisuals/Characters/Mannequins/Textures/Manny/T_Manny_01_CCRCCPlastic_MSK.uexp" 1163
"C:/Users/sayan/Projects/UE5-UI-Framework/UE5_Frontend_UI/Content/Assets/LevelVisuals/Characters/Mannequins/Textures/Manny/T_Manny_01_BN.ubulk" 1164
"C:/Users/sayan/Projects/UE5-UI-Framework/UE5_Frontend_UI/Content/Assets/LevelVisuals/Characters/Mannequins/Textures/Manny/T_Manny_01_BN.uasset" 1165
"C:/Users/sayan/Projects/UE5-UI-Framework/UE5_Frontend_UI/Content/Assets/LevelVisuals/Characters/Mannequins/Textures/Manny/T_Manny_01_BN.uexp" 1166
"C:/Users/sayan/Projects/UE5-UI-Framework/UE5_Frontend_UI/Content/Assets/LevelVisuals/Characters/Mannequins/Textures/Manny/T_Manny_01_ASAOPMASK_MSK.ubulk" 1167
"C:/Users/sayan/Projects/UE5-UI-Framework/UE5_Frontend_UI/Content/Assets/LevelVisuals/Characters/Mannequins/Textures/Manny/T_Manny_01_ASAOPMASK_MSK.uasset" 1168
"C:/Users/sayan/Projects/UE5-UI-Framework/UE5_Frontend_UI/Content/Assets/LevelVisuals/Characters/Mannequins/Textures/Manny/T_Manny_01_ASAOPMASK_MSK.uexp" 1169
"C:/Users/sayan/Projects/UE5-UI-Framework/UE5_Frontend_UI/Content/Assets/LevelVisuals/Characters/Mannequins/Materials/Functions/ML_BaseColorFallOff.uasset" 1170
"C:/Users/sayan/Projects/UE5-UI-Framework/UE5_Frontend_UI/Content/Assets/LevelVisuals/Characters/Mannequins/Materials/Functions/ML_BaseColorFallOff.uexp" 1171
"C:/Users/sayan/Projects/UE5-UI-Framework/UE5_Frontend_UI/Content/Assets/LevelVisuals/Characters/Mannequins/Materials/Functions/MF_logo3layers.uasset" 1172
"C:/Users/sayan/Projects/UE5-UI-Framework/UE5_Frontend_UI/Content/Assets/LevelVisuals/Characters/Mannequins/Materials/Functions/MF_logo3layers.uexp" 1173
"C:/Users/sayan/Projects/UE5-UI-Framework/UE5_Frontend_UI/Content/Assets/LevelVisuals/Characters/Mannequins/Materials/Functions/ChromaticCurve.uasset" 1174
"C:/Users/sayan/Projects/UE5-UI-Framework/UE5_Frontend_UI/Content/Assets/LevelVisuals/Characters/Mannequins/Materials/Functions/ChromaticCurve.uexp" 1175
"C:/Users/sayan/Projects/UE5-UI-Framework/UE5_Frontend_UI/Content/Assets/LevelVisuals/Characters/Mannequins/Materials/Functions/CA_Mannequin.uasset" 1176
"C:/Users/sayan/Projects/UE5-UI-Framework/UE5_Frontend_UI/Content/Assets/LevelVisuals/Characters/Mannequins/Materials/Functions/CA_Mannequin.uexp" 1177
"C:/Users/sayan/Projects/UE5-UI-Framework/UE5_Frontend_UI/Content/Assets/LevelVisuals/Characters/Mannequins/Materials/Functions/MF_Diffraction.uasset" 1178
"C:/Users/sayan/Projects/UE5-UI-Framework/UE5_Frontend_UI/Content/Assets/LevelVisuals/Characters/Mannequins/Materials/Functions/MF_Diffraction.uexp" 1179
"C:/Users/sayan/Projects/UE5-UI-Framework/UE5_Frontend_UI/Content/Assets/LevelVisuals/Characters/Mannequins/Materials/M_Mannequin.uasset" 1180
"C:/Users/sayan/Projects/UE5-UI-Framework/UE5_Frontend_UI/Content/Assets/LevelVisuals/Characters/Mannequins/Materials/M_Mannequin.uexp" 1181
"C:/Users/sayan/Projects/UE5-UI-Framework/UE5_Frontend_UI/Content/Assets/LevelVisuals/Characters/Mannequins/Materials/Instances/Manny/MI_Manny_01.uasset" 1182
"C:/Users/sayan/Projects/UE5-UI-Framework/UE5_Frontend_UI/Content/Assets/LevelVisuals/Characters/Mannequins/Materials/Instances/Manny/MI_Manny_01.uexp" 1183
"C:/Users/sayan/Projects/UE5-UI-Framework/UE5_Frontend_UI/Content/Assets/LevelVisuals/Characters/Mannequins/Textures/Manny/T_Manny_02_Tan.ubulk" 1184
"C:/Users/sayan/Projects/UE5-UI-Framework/UE5_Frontend_UI/Content/Assets/LevelVisuals/Characters/Mannequins/Textures/Manny/T_Manny_02_Tan.uasset" 1185
"C:/Users/sayan/Projects/UE5-UI-Framework/UE5_Frontend_UI/Content/Assets/LevelVisuals/Characters/Mannequins/Textures/Manny/T_Manny_02_Tan.uexp" 1186
"C:/Users/sayan/Projects/UE5-UI-Framework/UE5_Frontend_UI/Content/Assets/LevelVisuals/Characters/Mannequins/Textures/Manny/T_Manny_02_N.ubulk" 1187
"C:/Users/sayan/Projects/UE5-UI-Framework/UE5_Frontend_UI/Content/Assets/LevelVisuals/Characters/Mannequins/Textures/Manny/T_Manny_02_N.uasset" 1188
"C:/Users/sayan/Projects/UE5-UI-Framework/UE5_Frontend_UI/Content/Assets/LevelVisuals/Characters/Mannequins/Textures/Manny/T_Manny_02_N.uexp" 1189
"C:/Users/sayan/Projects/UE5-UI-Framework/UE5_Frontend_UI/Content/Assets/LevelVisuals/Characters/Mannequins/Textures/Manny/T_Manny_02_MSR_MSK.ubulk" 1190
"C:/Users/sayan/Projects/UE5-UI-Framework/UE5_Frontend_UI/Content/Assets/LevelVisuals/Characters/Mannequins/Textures/Manny/T_Manny_02_MSR_MSK.uasset" 1191
"C:/Users/sayan/Projects/UE5-UI-Framework/UE5_Frontend_UI/Content/Assets/LevelVisuals/Characters/Mannequins/Textures/Manny/T_Manny_02_MSR_MSK.uexp" 1192
"C:/Users/sayan/Projects/UE5-UI-Framework/UE5_Frontend_UI/Content/Assets/LevelVisuals/Characters/Mannequins/Textures/Manny/T_Manny_02_D.ubulk" 1193
"C:/Users/sayan/Projects/UE5-UI-Framework/UE5_Frontend_UI/Content/Assets/LevelVisuals/Characters/Mannequins/Textures/Manny/T_Manny_02_D.uasset" 1194
"C:/Users/sayan/Projects/UE5-UI-Framework/UE5_Frontend_UI/Content/Assets/LevelVisuals/Characters/Mannequins/Textures/Manny/T_Manny_02_D.uexp" 1195
"C:/Users/sayan/Projects/UE5-UI-Framework/UE5_Frontend_UI/Content/Assets/LevelVisuals/Characters/Mannequins/Textures/Manny/T_Manny_02_CCRCCPlastic_MSK.ubulk" 1196
"C:/Users/sayan/Projects/UE5-UI-Framework/UE5_Frontend_UI/Content/Assets/LevelVisuals/Characters/Mannequins/Textures/Manny/T_Manny_02_CCRCCPlastic_MSK.uasset" 1197
"C:/Users/sayan/Projects/UE5-UI-Framework/UE5_Frontend_UI/Content/Assets/LevelVisuals/Characters/Mannequins/Textures/Manny/T_Manny_02_CCRCCPlastic_MSK.uexp" 1198
"C:/Users/sayan/Projects/UE5-UI-Framework/UE5_Frontend_UI/Content/Assets/LevelVisuals/Characters/Mannequins/Textures/Manny/T_Manny_02_BN.ubulk" 1199
"C:/Users/sayan/Projects/UE5-UI-Framework/UE5_Frontend_UI/Content/Assets/LevelVisuals/Characters/Mannequins/Textures/Manny/T_Manny_02_BN.uasset" 1200
"C:/Users/sayan/Projects/UE5-UI-Framework/UE5_Frontend_UI/Content/Assets/LevelVisuals/Characters/Mannequins/Textures/Manny/T_Manny_02_BN.uexp" 1201
"C:/Users/sayan/Projects/UE5-UI-Framework/UE5_Frontend_UI/Content/Assets/LevelVisuals/Characters/Mannequins/Textures/Manny/T_Manny_02_ASAOPMASK_MSK.ubulk" 1202
"C:/Users/sayan/Projects/UE5-UI-Framework/UE5_Frontend_UI/Content/Assets/LevelVisuals/Characters/Mannequins/Textures/Manny/T_Manny_02_ASAOPMASK_MSK.uasset" 1203
"C:/Users/sayan/Projects/UE5-UI-Framework/UE5_Frontend_UI/Content/Assets/LevelVisuals/Characters/Mannequins/Textures/Manny/T_Manny_02_ASAOPMASK_MSK.uexp" 1204
"C:/Users/sayan/Projects/UE5-UI-Framework/UE5_Frontend_UI/Content/Assets/LevelVisuals/Characters/Mannequins/Materials/Instances/Manny/MI_Manny_02.uasset" 1205
"C:/Users/sayan/Projects/UE5-UI-Framework/UE5_Frontend_UI/Content/Assets/LevelVisuals/Characters/Mannequins/Materials/Instances/Manny/MI_Manny_02.uexp" 1206
"../../../Engine/Plugins/Animation/ControlRig/Content/Controls/DefaultGizmoLibrary.uasset" 1207
"../../../Engine/Plugins/Animation/ControlRig/Content/Controls/DefaultGizmoLibrary.uexp" 1208
"C:/Users/sayan/Projects/UE5-UI-Framework/UE5_Frontend_UI/Content/Assets/LevelVisuals/Characters/Mannequins/Rigs/CR_Mannequin_Procedural.uasset" 1209
"C:/Users/sayan/Projects/UE5-UI-Framework/UE5_Frontend_UI/Content/Assets/LevelVisuals/Characters/Mannequins/Rigs/CR_Mannequin_Procedural.uexp" 1210
"C:/Users/sayan/Projects/UE5-UI-Framework/UE5_Frontend_UI/Content/Assets/LevelVisuals/Characters/Mannequins/Rigs/Poses/Manny/Manny_calf_l_pose.uasset" 1211
"C:/Users/sayan/Projects/UE5-UI-Framework/UE5_Frontend_UI/Content/Assets/LevelVisuals/Characters/Mannequins/Rigs/Poses/Manny/Manny_calf_l_pose.uexp" 1212
"C:/Users/sayan/Projects/UE5-UI-Framework/UE5_Frontend_UI/Content/Assets/LevelVisuals/Characters/Mannequins/Rigs/Poses/Manny/Manny_calf_r_pose.uasset" 1213
"C:/Users/sayan/Projects/UE5-UI-Framework/UE5_Frontend_UI/Content/Assets/LevelVisuals/Characters/Mannequins/Rigs/Poses/Manny/Manny_calf_r_pose.uexp" 1214
"C:/Users/sayan/Projects/UE5-UI-Framework/UE5_Frontend_UI/Content/Assets/LevelVisuals/Characters/Mannequins/Rigs/Poses/Manny/Manny_clavicle_l_pose.uasset" 1215
"C:/Users/sayan/Projects/UE5-UI-Framework/UE5_Frontend_UI/Content/Assets/LevelVisuals/Characters/Mannequins/Rigs/Poses/Manny/Manny_clavicle_l_pose.uexp" 1216
"C:/Users/sayan/Projects/UE5-UI-Framework/UE5_Frontend_UI/Content/Assets/LevelVisuals/Characters/Mannequins/Rigs/Poses/Manny/Manny_clavicle_r_pose.uasset" 1217
"C:/Users/sayan/Projects/UE5-UI-Framework/UE5_Frontend_UI/Content/Assets/LevelVisuals/Characters/Mannequins/Rigs/Poses/Manny/Manny_clavicle_r_pose.uexp" 1218
"C:/Users/sayan/Projects/UE5-UI-Framework/UE5_Frontend_UI/Content/Assets/LevelVisuals/Characters/Mannequins/Rigs/Poses/Manny/Manny_foot_l_pose.uasset" 1219
"C:/Users/sayan/Projects/UE5-UI-Framework/UE5_Frontend_UI/Content/Assets/LevelVisuals/Characters/Mannequins/Rigs/Poses/Manny/Manny_foot_l_pose.uexp" 1220
"C:/Users/sayan/Projects/UE5-UI-Framework/UE5_Frontend_UI/Content/Assets/LevelVisuals/Characters/Mannequins/Rigs/Poses/Manny/Manny_foot_r_pose.uasset" 1221
"C:/Users/sayan/Projects/UE5-UI-Framework/UE5_Frontend_UI/Content/Assets/LevelVisuals/Characters/Mannequins/Rigs/Poses/Manny/Manny_foot_r_pose.uexp" 1222
"C:/Users/sayan/Projects/UE5-UI-Framework/UE5_Frontend_UI/Content/Assets/LevelVisuals/Characters/Mannequins/Rigs/Poses/Manny/Manny_hand_l_pose.uasset" 1223
"C:/Users/sayan/Projects/UE5-UI-Framework/UE5_Frontend_UI/Content/Assets/LevelVisuals/Characters/Mannequins/Rigs/Poses/Manny/Manny_hand_l_pose.uexp" 1224
"C:/Users/sayan/Projects/UE5-UI-Framework/UE5_Frontend_UI/Content/Assets/LevelVisuals/Characters/Mannequins/Rigs/Poses/Manny/Manny_hand_r_pose.uasset" 1225
"C:/Users/sayan/Projects/UE5-UI-Framework/UE5_Frontend_UI/Content/Assets/LevelVisuals/Characters/Mannequins/Rigs/Poses/Manny/Manny_hand_r_pose.uexp" 1226
"C:/Users/sayan/Projects/UE5-UI-Framework/UE5_Frontend_UI/Content/Assets/LevelVisuals/Characters/Mannequins/Rigs/Poses/Manny/Manny_lowerarm_l_pose.uasset" 1227
"C:/Users/sayan/Projects/UE5-UI-Framework/UE5_Frontend_UI/Content/Assets/LevelVisuals/Characters/Mannequins/Rigs/Poses/Manny/Manny_lowerarm_l_pose.uexp" 1228
"C:/Users/sayan/Projects/UE5-UI-Framework/UE5_Frontend_UI/Content/Assets/LevelVisuals/Characters/Mannequins/Rigs/Poses/Manny/Manny_lowerarm_r_pose.uasset" 1229
"C:/Users/sayan/Projects/UE5-UI-Framework/UE5_Frontend_UI/Content/Assets/LevelVisuals/Characters/Mannequins/Rigs/Poses/Manny/Manny_lowerarm_r_pose.uexp" 1230
"C:/Users/sayan/Projects/UE5-UI-Framework/UE5_Frontend_UI/Content/Assets/LevelVisuals/Characters/Mannequins/Rigs/Poses/Manny/Manny_thigh_l_pose.uasset" 1231
"C:/Users/sayan/Projects/UE5-UI-Framework/UE5_Frontend_UI/Content/Assets/LevelVisuals/Characters/Mannequins/Rigs/Poses/Manny/Manny_thigh_l_pose.uexp" 1232
"C:/Users/sayan/Projects/UE5-UI-Framework/UE5_Frontend_UI/Content/Assets/LevelVisuals/Characters/Mannequins/Rigs/Poses/Manny/Manny_thigh_r_pose.uasset" 1233
"C:/Users/sayan/Projects/UE5-UI-Framework/UE5_Frontend_UI/Content/Assets/LevelVisuals/Characters/Mannequins/Rigs/Poses/Manny/Manny_thigh_r_pose.uexp" 1234
"C:/Users/sayan/Projects/UE5-UI-Framework/UE5_Frontend_UI/Content/Assets/LevelVisuals/Characters/Mannequins/Rigs/Poses/Manny/Manny_upperarm_l_pose.uasset" 1235
"C:/Users/sayan/Projects/UE5-UI-Framework/UE5_Frontend_UI/Content/Assets/LevelVisuals/Characters/Mannequins/Rigs/Poses/Manny/Manny_upperarm_l_pose.uexp" 1236
"C:/Users/sayan/Projects/UE5-UI-Framework/UE5_Frontend_UI/Content/Assets/LevelVisuals/Characters/Mannequins/Rigs/Poses/Manny/Manny_upperarm_r_pose.uasset" 1237
"C:/Users/sayan/Projects/UE5-UI-Framework/UE5_Frontend_UI/Content/Assets/LevelVisuals/Characters/Mannequins/Rigs/Poses/Manny/Manny_upperarm_r_pose.uexp" 1238
"C:/Users/sayan/Projects/UE5-UI-Framework/UE5_Frontend_UI/Content/Assets/LevelVisuals/Characters/Mannequins/Rigs/ABP_Manny_PostProcess.uasset" 1239
"C:/Users/sayan/Projects/UE5-UI-Framework/UE5_Frontend_UI/Content/Assets/LevelVisuals/Characters/Mannequins/Rigs/ABP_Manny_PostProcess.uexp" 1240
"C:/Users/sayan/Projects/UE5-UI-Framework/UE5_Frontend_UI/Content/Assets/LevelVisuals/Characters/Meshes/SKM_Manny.uasset" 1241
"C:/Users/sayan/Projects/UE5-UI-Framework/UE5_Frontend_UI/Content/Assets/LevelVisuals/Characters/Meshes/SKM_Manny.uexp" 1242
"../../../Engine/Content/Animation/DefaultVariableFrameStrippingSettings.uasset" 1243
"../../../Engine/Content/Animation/DefaultVariableFrameStrippingSettings.uexp" 1244
"../../../Engine/Content/Animation/DefaultAnimCurveCompressionSettings.uasset" 1245
"../../../Engine/Content/Animation/DefaultAnimCurveCompressionSettings.uexp" 1246
"../../../Engine/Content/Animation/DefaultAnimBoneCompressionSettings.uasset" 1247
"../../../Engine/Content/Animation/DefaultAnimBoneCompressionSettings.uexp" 1248
"C:/Users/sayan/Projects/UE5-UI-Framework/UE5_Frontend_UI/Content/Assets/LevelVisuals/Characters/Mannequins/Animations/Manny/MM_Idle.uasset" 1249
"C:/Users/sayan/Projects/UE5-UI-Framework/UE5_Frontend_UI/Content/Assets/LevelVisuals/Characters/Mannequins/Animations/Manny/MM_Idle.uexp" 1250
"C:/Users/sayan/Projects/UE5-UI-Framework/UE5_Frontend_UI/Content/Maps/FrontEndTestMap.uexp" 1251
"C:/Users/sayan/Projects/UE5-UI-Framework/UE5_Frontend_UI/Content/Maps/FrontEndTestMap.umap" 1252
